unit,esti,dist,maxcov,re
1,0.1,2,0.0,0.694181789958212
2,0.1,2,1.0,0.694181789958212
3,0.1111111111111111,2,2.0,0.7081752638174815
4,0.10714285714285714,2,3.0,0.7033450892985839
5,0.1,2,4.0,0.694181789958212
6,0.0925925925925926,2,5.0,0.6839601968823186
7,0.08571428571428572,2,6.0,0.6737082425853337
8,0.05,1,1.0,0.6021213355153661
9,0.04444444444444444,1,1.0,0.5864779626613854
10,0.04,1,1.0,0.5724844888021157
11,0.03636363636363636,1,1.0,0.559825851918204
12,0.03333333333333333,1,1.0,0.5482694218669526
13,0.03076923076923077,1,1.0,0.537638536753478
14,0.02857142857142857,1,1.0,0.5277958744940745
15,0.044444444444444446,1,2.0,0.5864779626613854
16,0.041666666666666664,1,2.0,0.577906268580203
17,0.0392156862745098,1,2.0,0.5698543996678341
18,0.037037037037037035,1,2.0,0.5622628957262223
19,0.03508771929824561,1,2.0,0.5550819490237017
20,0.03333333333333333,1,2.0,0.5482694218669526
21,0.031746031746031744,1,2.0,0.541789348353344
22,0.03896103896103896,1,3.0,0.568989151258576
23,0.037267080745341616,1,3.0,0.5630852832521438
24,0.03571428571428571,1,3.0,0.5574327212073246
25,0.03428571428571429,1,3.0,0.5520109414292375
26,0.03296703296703297,1,3.0,0.54680183609385
27,0.031746031746031744,1,3.0,0.541789348353344
28,0.030612244897959183,1,3.0,0.5369591738344464
29,0.034482758620689655,1,4.0,0.5527720619138465
30,0.03333333333333333,1,4.0,0.5482694218669526
31,0.03225806451612903,1,4.0,0.5439144362667135
32,0.03125,1,4.0,0.5396977277857702
33,0.030303030303030304,1,4.0,0.535610784983041
34,0.029411764705882353,1,4.0,0.5316458588734014
35,0.02857142857142857,1,4.0,0.5277958744940745
36,0.0308641975308642,1,5.0,0.5380478287910593
37,0.030030030030030033,1,5.0,0.5344088296206552
38,0.029239766081871343,1,5.0,0.5308668820885386
39,0.028490028490028487,1,5.0,0.5274169436775846
40,0.027777777777777776,1,5.0,0.5240543549317896
41,0.027100271002710025,1,5.0,0.5207748016129485
42,0.026455026455026454,1,5.0,0.5175742814181811
43,0.027906976744186046,1,6.0,0.5246706676900899
44,0.02727272727272727,1,6.0,0.5216173111237713
45,0.026666666666666665,1,6.0,0.5186325751537024
46,0.02608695652173913,1,6.0,0.5157134431173392
47,0.02553191489361702,1,6.0,0.5128570930065538
48,0.025,1,6.0,0.51006088107252
49,0.024489795918367346,1,6.0,0.5073223271211962
50,0.024,1,6.0,0.5046391012944328
51,0.024955436720142606,1,7.0,0.5098239226491179
52,0.024475524475524476,1,7.0,0.5072449064480119
53,0.024013722126929673,1,7.0,0.5047150173645687
54,0.02356902356902357,1,7.0,0.502232418707506
55,0.023140495867768594,1,7.0,0.4997953748994877
56,0.022727272727272728,1,7.0,0.49740224418860834
57,0.022328548644338118,1,7.0,0.4950514720049853
58,0.022988505747126436,1,8.0,0.4989201482654334
59,0.022598870056497175,1,8.0,0.4966497483451325
60,0.022222222222222223,1,8.0,0.49441750821853947
61,0.02185792349726776,1,8.0,0.4922221663172391
62,0.02150537634408602,1,8.0,0.49006252261830024
63,0.021164021164021163,1,8.0,0.48793743470493084
64,0.020833333333333332,1,8.0,0.48584581413735695
65,0.021301775147928994,1,9.0,0.4887991108455707
66,0.020979020979020976,1,9.0,0.48677135907513364
67,0.02066590126291619,1,9.0,0.48477410097056056
68,0.020361990950226245,1,9.0,0.4828064329654941
69,0.020066889632107024,1,9.0,0.4808674910687016
70,0.01978021978021978,1,9.0,0.47895644858616704
71,0.01950162513542795,1,9.0,0.47707251400475464
72,0.019841269841269844,1,10.0,0.47936574062374837
73,0.019569471624266144,1,10.0,0.47753377832282173
74,0.019305019305019305,1,10.0,0.4757267414533442
75,0.019047619047619046,1,10.0,0.47394396084566115
76,0.018796992481203006,1,10.0,0.47218479392122764
77,0.018552875695732836,1,10.0,0.47044862330212145
78,0.018315018315018312,1,10.0,0.4687348555102737
79,0.018565400843881856,1,11.0,0.47053825729309673
80,0.018333333333333333,1,11.0,0.46886760430801844
81,0.01810699588477366,1,11.0,0.4672177053133076
82,0.01788617886178862,1,11.0,0.4655880509891773
83,0.017670682730923697,1,11.0,0.46397815053748426
84,0.01746031746031746,1,11.0,0.4623875307944098
85,0.017254901960784316,1,11.0,0.46081573539564974
86,0.01744186046511628,1,12.0,0.46224705996049403
87,0.017241379310344827,1,12.0,0.4607116074710007
88,0.017045454545454544,1,12.0,0.4591937033941756
89,0.016853932584269662,1,12.0,0.4576929511429165
90,0.016666666666666666,1,12.0,0.45620896742410677
91,0.016483516483516484,1,12.0,0.454741381651004
92,0.016304347826086956,1,12.0,0.45328983538774353
93,0.01644528779253637,1,13.0,0.4544329980249735
94,0.016270337922403004,1,13.0,0.45301250147806393
95,0.016099071207430343,1,13.0,0.45160703692269194
96,0.015931372549019607,1,13.0,0.4502162895440301
97,0.015767131594906003,1,13.0,0.448839954314597
98,0.0156062424969988,1,13.0,0.4474777355927063
99,0.015448603683897803,1,13.0,0.4461293467413009
100,0.015294117647058824,1,13.0,0.4447945097659429
101,0.015401540154015403,1,14.0,0.44572411328860556
102,0.01525054466230937,1,14.0,0.4444155789494532
103,0.015102481121898596,1,14.0,0.44311981100249476
104,0.014957264957264956,1,14.0,0.4418365627483473
105,0.014814814814814815,1,14.0,0.4405655945701262
106,0.014675052410901467,1,14.0,0.43930667366490406
107,0.014537902388369677,1,14.0,0.43805957378777816
108,0.014619883040935673,1,15.0,0.4388064276456927
109,0.01448575567358764,1,15.0,0.4375823161132518
110,0.014354066985645932,1,15.0,0.43636938383767426
111,0.01422475106685633,1,15.0,0.4351674284752885
112,0.014097744360902255,1,15.0,0.43397625312679494
113,0.013972985561248255,1,15.0,0.4327956661436824
114,0.013850415512465374,1,15.0,0.4316254809431718
115,0.01391304347826087,1,16.0,0.4322246827556758
116,0.013793103448275862,1,16.0,0.43107476075775053
117,0.013675213675213677,1,16.0,0.4299347094566516
118,0.013559322033898305,1,16.0,0.42880436083744955
119,0.013445378151260503,1,16.0,0.4276835511388597
120,0.013333333333333332,1,16.0,0.42657212071085654
121,0.013223140495867768,1,16.0,0.4254699138781962
122,0.013270882123341139,1,17.0,0.4259485742083162
123,0.01316298877274487,1,17.0,0.42486436279077555
124,0.013056835637480798,1,17.0,0.42378893050937755
125,0.012952380952380953,1,17.0,0.4227221363315295
126,0.012849584278155706,1,17.0,0.42166384259600803
127,0.012748406449193853,1,17.0,0.4206139149063517
128,0.012648809523809524,1,17.0,0.4195722220284342
129,0.012684989429175475,1,18.0,0.4199515763633322
130,0.012587412587412588,1,18.0,0.41892597156745076
131,0.012491325468424706,1,18.0,0.4179082258893613
132,0.012396694214876032,1,18.0,0.4168982197970137
133,0.012303485987696513,1,18.0,0.415895836464796
134,0.012211668928086838,1,18.0,0.41490096169244056
135,0.012121212121212121,1,18.0,0.41391348382694493
136,0.01214833759590793,1,19.0,0.41421037238346287
137,0.012059663598857505,1,19.0,0.4132373631885067
138,0.011972274732199117,1,19.0,0.41227143048667025
139,0.0118861432593056,1,19.0,0.4113124720889859
140,0.011801242236024844,1,19.0,0.4103603880041358
141,0.01171754548257786,1,19.0,0.40941508037588487
142,0.011635027556644213,1,19.0,0.4084764534227233
143,0.01155366372757677,1,19.0,0.40754441337962777
144,0.011574074074074075,1,20.0,0.40777883355378064
145,0.011494252873563218,1,20.0,0.40685969382258746
146,0.01141552511415525,1,20.0,0.40594687125285406
147,0.011337868480725625,1,20.0,0.40504027960245687
148,0.011261261261261262,1,20.0,0.40413983438337653
149,0.011185682326621925,1,20.0,0.4032454528144484
150,0.011111111111111112,1,20.0,0.4023570537756935
151,0.011125827814569535,1,21.0,0.40253285149968754
152,0.01105263157894737,1,21.0,0.4016561805867814
153,0.010980392156862745,1,21.0,0.4007852583769333
154,0.010909090909090908,1,21.0,0.3999200099676752
155,0.010838709677419355,1,21.0,0.39906036191097577
156,0.010769230769230769,1,21.0,0.39820624217582745
157,0.01070063694267516,1,21.0,0.39735758011202776
158,0.010710808179162609,1,22.0,0.39748376445002637
159,0.010643444605708756,1,22.0,0.3966458111272998
160,0.010576923076923078,1,22.0,0.395813111464948
161,0.010511227902532252,1,22.0,0.3949855999961588
162,0.010446343779677113,1,22.0,0.3941632124702372
163,0.010382255781028787,1,22.0,0.3933458858226703
164,0.010318949343339589,1,22.0,0.39253355814610696
165,0.010325476992143659,1,23.0,0.3926175489281451
166,0.010263275323516287,1,23.0,0.39181503796033995
167,0.010201818585052118,1,23.0,0.39101734690729245
168,0.010141093474426809,1,23.0,0.3902244182172656
169,0.010081087004163927,1,23.0,0.3894361953631946
170,0.010021786492374727,1,23.0,0.38865262281850543
171,0.009963179553822829,1,23.0,0.38787364603364255
172,0.009966777408637873,1,24.0,0.3879215989392025
173,0.00990916597853014,1,24.0,0.3871516538201204
174,0.009852216748768473,1,24.0,0.3863861464497092
175,0.00979591836734694,1,24.0,0.38562502596509995
176,0.00974025974025974,1,24.0,0.3848682423728841
177,0.009685230024213076,1,24.0,0.3841157465294082
178,0.009630818619582664,1,24.0,0.383367490121625
179,0.009632055480639569,1,25.0,0.383384546133089
180,0.009578544061302683,1,25.0,0.3826446268874244
181,0.009525623928367309,1,25.0,0.38190880693838786
182,0.009473285335354301,1,25.0,0.3811770411143217
183,0.009421518748822312,1,25.0,0.38044928498612407
184,0.00937031484257871,1,25.0,0.37972549485106116
185,0.009319664492078286,1,25.0,0.3790056277170203
186,0.009318996415770608,1,26.0,0.37899610657567867
187,0.009269162210338681,1,26.0,0.378283959233618
188,0.00921985815602837,1,26.0,0.37757561002876927
189,0.009171075837742505,1,26.0,0.3768710186623093
190,0.00912280701754386,1,26.0,0.37617014547339717
191,0.009075043630017453,1,26.0,0.3754729514257777
192,0.009027777777777777,1,26.0,0.3747793980947354
193,0.008981001727115717,1,26.0,0.37408944765438706
194,0.008979048885932824,1,27.0,0.37406056500556906
195,0.008933002481389578,1,27.0,0.37337770920271
196,0.008887425938117182,1,27.0,0.37269834628367826
197,0.008842312100867855,1,27.0,0.37202244069726226
198,0.00879765395894428,1,27.0,0.371349957432273
199,0.008753444642567677,1,27.0,0.3706808620066627
200,0.00870967741935484,1,27.0,0.37001512045691504
201,0.008706467661691543,1,28.0,0.3699661653656542
202,0.008663366336633664,1,28.0,0.36930703169974005
203,0.008620689655172414,1,28.0,0.36865115302815477
204,0.00857843137254902,1,28.0,0.3679984973605878
205,0.00853658536585366,1,28.0,0.3673490331760282
206,0.00849514563106796,1,28.0,0.36670272941362936
207,0.008454106280193236,1,28.0,0.3660595554637953
208,0.00844988344988345,1,29.0,0.36599319765023075
209,0.00840945338552994,1,29.0,0.3653561932584555
210,0.00836940836940837,1,29.0,0.36472222947200966
211,0.008329742926899326,1,29.0,0.3640912774013676
212,0.008290451686678102,1,29.0,0.36346330856678755
213,0.008251529378289942,1,29.0,0.36283829489059716
214,0.008212970829793258,1,29.0,0.3622162086896615
215,0.008207934336525308,1,30.0,0.3621347366052794
216,0.008169934640522876,1,30.0,0.36151842384697924
217,0.00813228517213337,1,30.0,0.3609049578090248
218,0.008094981111710739,1,30.0,0.36029431231453835
219,0.008058017727639,1,30.0,0.3596864615460526
220,0.00802139037433155,1,30.0,0.3590813800389609
221,0.0079850944902848,1,30.0,0.3584790426751164
222,0.00797940797940798,1,31.0,0.3583844258974872
223,0.007943625880845613,1,31.0,0.357787502820392
224,0.007908163265306124,1,31.0,0.35719325054899365
225,0.007873015873015874,1,31.0,0.35660164528980415
226,0.007838179519595449,1,31.0,0.3560126635658811
227,0.0078036500943989935,1,31.0,0.3554262822112367
228,0.007769423558897244,1,31.0,0.35484247836537064
229,0.0077632217370208634,1,32.0,0.35473641838658126
230,0.007729468599033816,1,32.0,0.3541577021720996
231,0.007696007696007696,1,32.0,0.353581496664923
232,0.007662835249042145,1,32.0,0.35300778017417417
233,0.007629947544110634,1,32.0,0.35243653128885966
234,0.007597340930674264,1,32.0,0.3518677288730753
235,0.00756501182033097,1,32.0,0.3513013520613141
236,0.007532956685499058,1,32.0,0.3507373802538733
237,0.007526513855627779,1,33.0,0.3506237367446836
238,0.007494889847831024,1,33.0,0.3500645141876084
239,0.007463530476082778,1,33.0,0.34950763638608495
240,0.007432432432432433,1,33.0,0.34895308375960526
241,0.007401592463833128,1,33.0,0.3484008369719105
242,0.00737100737100737,1,33.0,0.34785087692694494
243,0.007340674007340673,1,33.0,0.34730318476489436
244,0.0073339085418464185,1,34.0,0.34718072043582787
245,0.007303974221267454,1,34.0,0.3466375083858044
246,0.007274283269148481,1,34.0,0.3460965090182871
247,0.007244832729597272,1,34.0,0.34555770438040256
248,0.007215619694397283,1,34.0,0.3450210767368891
249,0.007186641302050306,1,34.0,0.34448660856659397
250,0.007157894736842106,1,34.0,0.34395428255904104
251,0.007150883644907549,1,35.0,0.34382412757943914
252,0.007122507122507123,1,35.0,0.34329603479189286
253,0.007094354920441877,1,35.0,0.34277003346640905
254,0.0070664243892590356,1,35.0,0.3422461071022365
255,0.007038712921065863,1,35.0,0.3417242393931326
256,0.007011217948717949,1,35.0,0.34120441422431885
257,0.006983936945026439,1,35.0,0.3406866156694943
258,0.0069767441860465115,1,36.0,0.34054975880439786
259,0.0069498069498069494,1,36.0,0.34003596643797834
260,0.006923076923076923,1,36.0,0.33952415400851643
261,0.006896551724137931,1,36.0,0.33901430631490453
262,0.0068702290076335885,1,36.0,0.33850640833042694
263,0.006844106463878327,1,36.0,0.33800044520010303
264,0.006818181818181818,1,36.0,0.3374964022380794
265,0.0068108605614358025,1,37.0,0.3373537107766362
266,0.006785255822483036,1,37.0,0.33685346475742484
267,0.00675984287932767,1,37.0,0.33635509583838347
268,0.00673461958500182,1,37.0,0.33585858998506934
269,0.00670958382446278,1,37.0,0.3353639333198494
270,0.006684733514001807,1,37.0,0.3348711121195736
271,0.0066600666006660075,1,37.0,0.33438011281329005
272,0.00665266106442577,1,38.0,0.334232349317352
273,0.006628292342578057,1,38.0,0.33374495368382007
274,0.006604101494612443,1,38.0,0.3332593401223959
275,0.00658008658008658,1,38.0,0.3327754956489044
276,0.006556245686680469,1,38.0,0.3322934074205595
277,0.006532576929688843,1,38.0,0.33181306273391886
278,0.0065090784515244955,1,38.0,0.3313344490228751
279,0.006501625406351587,1,39.0,0.3311822854636528
280,0.006478405315614618,1,39.0,0.33070709654499425
281,0.006455350492427377,1,39.0,0.33023360170807203
282,0.006432459178624444,1,39.0,0.3297617889167434
283,0.006409729640890789,1,39.0,0.3292916462626834
284,0.006387160170324271,1,39.0,0.32882316196358186
285,0.006364749082007345,1,39.0,0.3283563243613713
286,0.006342494714587738,1,39.0,0.3278911219204862
287,0.0063351282863477985,1,40.0,0.3277367754056297
288,0.006313131313131313,1,40.0,0.3272748091621861
289,0.0062912865681031774,1,40.0,0.32681444419142913
290,0.006269592476489028,1,40.0,0.32635566943099287
291,0.006248047485160888,1,40.0,0.325898473932753
292,0.0062266500622665,1,40.0,0.32544284686125946
293,0.006205398696866274,1,40.0,0.32498877749219524
294,0.00619803476946334,1,41.0,0.32483107255963445
295,0.006177024482109228,1,41.0,0.3243800868594642
296,0.006156156156156156,1,41.0,0.32393062734055417
297,0.00613542835765058,1,41.0,0.3234826837082292
298,0.006114839671886652,1,41.0,0.3230362457716261
299,0.006094388703084355,1,41.0,0.32259130344230297
300,0.006074074074074074,1,41.0,0.3221478467328711
301,0.006066734074823054,1,42.0,0.3219872539140542
302,0.006046645551396486,1,42.0,0.32154673887974805
303,0.0060266896254842885,1,42.0,0.32110768009614615
304,0.006006864988558353,1,42.0,0.3206700679668419
305,0.005987170349251604,1,42.0,0.32023389298997507
306,0.0059676044330775795,1,42.0,0.3197991457569938
307,0.005948165982155502,1,42.0,0.31936581695143695
308,0.005940867642995302,1,43.0,0.31920275404093484
309,0.005921641534118296,1,43.0,0.3187722345032346
310,0.005902539464653397,1,43.0,0.31834310598423543
311,0.005883560238078949,1,43.0,0.31791535952405114
312,0.005864702673213312,1,43.0,0.31748898624908706
313,0.0058459656039698184,1,43.0,0.3170639773709353
314,0.005827347879116412,1,43.0,0.3166403241852875
315,0.00582010582010582,1,44.0,0.31647516270315057
316,0.00580168776371308,1,44.0,0.316054195120655
317,0.0057833859095688745,1,44.0,0.3156345576117267
318,0.005765199161425576,1,44.0,0.31521624179792845
319,0.005747126436781609,1,44.0,0.31479923937974147
320,0.005729166666666667,1,44.0,0.3143835421355767
321,0.005711318795430944,1,44.0,0.3139691419208025
322,0.005704145012042083,1,45.0,0.3138022126855325
323,0.005686485120363935,1,45.0,0.31339038239870187
324,0.005668934240362812,1,45.0,0.31297982515961087
325,0.00565149136577708,1,45.0,0.3125705331220296
326,0.005634155502691874,1,45.0,0.31216249851204403
327,0.00561692566935031,1,45.0,0.31175571362717014
328,0.005599800895968144,1,45.0,0.3113501708354806
329,0.005592705167173252,1,46.0,0.31118176878434683
330,0.005575757575757576,1,46.0,0.3107786875611924
331,0.005558912386706949,1,46.0,0.3103768259502592
332,0.005542168674698795,1,46.0,0.3099761765933874
333,0.005525525525525526,1,46.0,0.30957673219880655
334,0.005508982035928144,1,46.0,0.3091784855403399
335,0.005492537313432836,1,46.0,0.30878142945661924
336,0.0054761904761904765,1,46.0,0.308385556850313
337,0.0054692500145458785,1,47.0,0.3082171216638684
338,0.00545306880148509,1,47.0,0.3078235949727458
339,0.005436983052808144,1,47.0,0.30743123084370433
340,0.005420991926182238,1,47.0,0.3070400224280567
341,0.00540509458915531,1,47.0,0.30664996293745717
342,0.005389290219011581,1,47.0,0.30626104564319384
343,0.005373578002629623,1,47.0,0.3058732638754931
344,0.005366726296958855,1,48.0,0.3057038067557603
345,0.005351170568561873,1,48.0,0.30531827626419217
346,0.005335704757670075,1,48.0,0.304933861636678
347,0.005320328086898692,1,48.0,0.3045505564324307
348,0.005305039787798408,1,48.0,0.30416835426626687
349,0.005289839100727353,1,48.0,0.30378724880796937
350,0.005274725274725275,1,48.0,0.3034072337816576
351,0.005267967532118475,1,49.0,0.30323696783304854
352,0.005253001715265866,1,49.0,0.3028591150573223
353,0.005238120690576728,1,49.0,0.302482334205804
354,0.005223323739473404,1,49.0,0.3021066192138465
355,0.005208610151474887,1,49.0,0.30173196406812575
356,0.005193979224083104,1,49.0,0.3013583628060633
357,0.005179430262671107,1,49.0,0.3009858095152567
358,0.0051727705358990276,1,50.0,0.3008149255026188
359,0.005158361704322707,1,50.0,0.30044445061502145
360,0.0051440329218107,1,50.0,0.3000750062569542
361,0.005129783523135324,1,50.0,0.29970658671118233
362,0.005115612850419481,1,50.0,0.29933918630791756
363,0.005101520253035404,1,50.0,0.29897279942429383
364,0.005087505087505088,1,50.0,0.2986074204838515
365,0.005080946450809465,1,51.0,0.2984360892822908
366,0.005067064083457526,1,51.0,0.298072709681917
367,0.005053257369333664,1,51.0,0.29771032156872435
368,0.005039525691699605,1,51.0,0.2973489195468542
369,0.005025868440502587,1,51.0,0.29698849826437634
370,0.005012285012285012,1,51.0,0.29662905241281323
371,0.004998774810095565,1,51.0,0.29627057672667156
372,0.0049923195084485405,1,52.0,0.2960989514732047
373,0.00497893527384144,1,52.0,0.2957424004910516
374,0.004965622612681436,1,52.0,0.295386804131144
375,0.004952380952380952,1,52.0,0.29503215729535665
376,0.004939209726443769,1,52.0,0.2946784549262953
377,0.0049261083743842365,1,52.0,0.29432569200686326
378,0.00491307634164777,1,52.0,0.2939738635598353
379,0.004900113079532605,1,52.0,0.2936229646474359
380,0.004893813481071098,1,53.0,0.29345210727074333
381,0.004880968826265138,1,53.0,0.2931030527699992
382,0.004868191420960779,1,53.0,0.29275491322312397
383,0.0048554807383995235,1,53.0,0.29240768384603677
384,0.004842836257309942,1,53.0,0.2920613598920817
385,0.004830257461836409,1,53.0,0.29171593665163725
386,0.004817743841468957,1,53.0,0.2913714094517333
387,0.0048115477145148355,1,54.0,0.29120048520287867
388,0.004799146818343406,1,54.0,0.2908577362098563
389,0.004786809679992909,1,54.0,0.2905158694545996
390,0.004774535809018568,1,54.0,0.29017488040699724
391,0.004762324719992945,1,54.0,0.2898347645717399
392,0.004750175932441942,1,54.0,0.2894955174879655
393,0.0047380889707817845,1,54.0,0.28915713472890764
394,0.0047319969026929365,1,55.0,0.2889862557892668
395,0.004720017163698777,1,55.0,0.28864958853399786
396,0.004708097928436912,1,55.0,0.28831377252427753
397,0.004696238739700295,1,55.0,0.28797880346630034
398,0.004684439144876927,1,55.0,0.28764467709866726
399,0.004672698695892273,1,55.0,0.28731138919205984
400,0.004661016949152543,1,55.0,0.28697893554891957
401,0.004655029093931837,1,56.0,0.28680820258741635
402,0.004643449419568822,1,56.0,0.2864774050039907
403,0.004631927212572374,1,56.0,0.2861474292787618
404,0.0046204620462046205,1,56.0,0.2858182713380767
405,0.004609053497942386,1,56.0,0.2854899271384951
406,0.004597701149425287,1,56.0,0.2851623926664913
407,0.004586404586404586,1,56.0,0.2848356639381598
408,0.004580520732883318,1,57.0,0.284665167281247
409,0.0045693214156880034,1,57.0,0.28434003820557374
410,0.004558176729308277,1,57.0,0.2840157030966874
411,0.004547086274979059,1,57.0,0.2836921580862908
412,0.00453604965780678,1,57.0,0.2833693993342885
413,0.004525066486722502,1,57.0,0.28304742302851293
414,0.004514136374435733,1,57.0,0.2827262253844545
415,0.004508356004663817,1,58.0,0.2825560460559105
416,0.004497518610421836,1,58.0,0.2822363944910572
417,0.004486733194089889,1,58.0,0.28191751039768614
418,0.004475999382620775,1,58.0,0.2815993900992819
419,0.0044653168065286,1,58.0,0.2812820299456842
420,0.004454685099846391,1,58.0,0.2809654263128361
421,0.0044441039000842845,1,58.0,0.28064957560253656
422,0.004438426239374107,1,59.0,0.2804797862491257
423,0.00442793350594769,1,59.0,0.2801654306915167
424,0.00441749026654687,1,59.0,0.27985181741454546
425,0.0044070961718020545,1,59.0,0.2795389429210075
426,0.004396750875624115,1,59.0,0.27922680373835523
427,0.004386454035165978,1,59.0,0.2789153964184673
428,0.00437620531078475,1,59.0,0.27860471753741956
429,0.004366004366004366,1,59.0,0.2782947636952597
430,0.00436046511627907,1,60.0,0.2781261510748021
431,0.004350348027842227,1,60.0,0.27781763720533226
432,0.004340277777777778,1,60.0,0.27750983831650194
433,0.0043302540415704385,1,60.0,0.27720275110203796
434,0.004320276497695853,1,60.0,0.2768963722785476
435,0.004310344827586207,1,60.0,0.27659069858530877
436,0.0043004587155963305,1,60.0,0.2762857267840612
437,0.004295018482661503,1,61.0,0.27611760452780876
438,0.004285212504390587,1,61.0,0.2758140268845837
439,0.004275451200280358,1,61.0,0.27551114155129386
440,0.0042657342657342655,1,61.0,0.2752089453774919
441,0.004256061398918542,1,61.0,0.27490743523418637
442,0.004246432300730943,1,61.0,0.2746066080136474
443,0.0042368466747699255,1,61.0,0.2743064606292144
444,0.004231504231504231,1,62.0,0.2741388819436078
445,0.004221995233231188,1,62.0,0.27384008505473467
446,0.004212528876206006,1,62.0,0.2735419588665127
447,0.004203104874245814,1,62.0,0.2732445003746798
448,0.004193722943722944,1,62.0,0.27294770659511425
449,0.004184382803536478,1,62.0,0.2726515745636553
450,0.004175084175084175,1,62.0,0.27235610133592486
451,0.004169838170566237,1,63.0,0.2721891137959488
452,0.004160612864879144,1,63.0,0.27189494942079795
453,0.004151428289018483,1,63.0,0.2716014351331938
454,0.004142284173844434,1,63.0,0.2713085680661535
455,0.0041331802525832375,1,63.0,0.27101634537161834
456,0.004124116260801257,1,63.0,0.2707247642202875
457,0.004115091936379372,1,63.0,0.2704338218014534
458,0.004109940919599281,1,64.0,0.27026746788534706
459,0.004100986799948738,1,64.0,0.26997779457294707
460,0.004092071611253197,1,64.0,0.26968875167086537
461,0.00408319510016588,1,64.0,0.2694003364411605
462,0.004074357015533486,1,64.0,0.2691125461636888
463,0.004065557108372507,1,64.0,0.2688253781359512
464,0.004056795131845842,1,64.0,0.26853882967294007
465,0.004051737572074178,1,65.0,0.268373147242489
466,0.004043042856254276,1,65.0,0.2680878299231251
467,0.0040343853769046955,1,65.0,0.267803124216919
468,0.004025764895330113,1,65.0,0.26751902750734075
469,0.0040171811748709865,1,65.0,0.2672355371946153
470,0.004008633980881899,1,65.0,0.2669526506955796
471,0.004000123080710176,1,65.0,0.26667036544354117
472,0.003991648243674773,1,65.0,0.2663886788881387
473,0.003986710963455149,1,66.0,0.26622429778310636
474,0.003978300180831826,1,66.0,0.2659438010345266
475,0.003969924812030075,1,66.0,0.26566389542811
476,0.0039615846338535415,1,66.0,0.2653845784774514
477,0.003953279424977538,1,66.0,0.2651058477118
478,0.003945008965929468,1,66.0,0.26482770067592787
479,0.00393677303906949,1,66.0,0.2645501349300005
480,0.003931924882629108,1,67.0,0.2643864715726089
481,0.003923750402623642,1,67.0,0.2641100611479998
482,0.003915609841622349,1,67.0,0.26383422478491414
483,0.003907502988948181,1,67.0,0.2635589601038197
484,0.0038994296356652312,1,67.0,0.26328426473994865
485,0.003891389574560767,1,67.0,0.26301013634317594
486,0.0038833826001275144,1,67.0,0.26273657257789806
487,0.003878621948437143,1,68.0,0.2625736541471085
488,0.0038706739526411654,1,68.0,0.26230121269550266
489,0.003862758463985458,1,68.0,0.26202932895452535
490,0.003854875283446712,1,68.0,0.26175800064547916
491,0.003847024213622992,1,68.0,0.26148722550360365
492,0.0038392050587172538,1,68.0,0.2612170012779619
493,0.0038314176245210726,1,68.0,0.26094732573132823
494,0.003826742831789696,1,69.0,0.2607851762359432
495,0.0038190120381901204,1,69.0,0.26051659138993966
496,0.003811312417145382,1,69.0,0.26024854859242974
497,0.003803643780491166,1,69.0,0.2599810456599326
498,0.0037960059415745174,1,69.0,0.2597140804221347
499,0.0037883987152386965,1,69.0,0.25944765072178305
500,0.0037808219178082194,1,69.0,0.2591817544145817
501,0.0037762313211415007,1,70.0,0.2590203949821442
502,0.003768708947991816,1,70.0,0.2587555590796636
503,0.0037612164848745367,1,70.0,0.2584912502141532
504,0.0037537537537537537,1,70.0,0.2582274662921173
505,0.0037463205780037465,1,70.0,0.2579642052325094
506,0.0037389167823950434,1,70.0,0.2577014649666335
507,0.0037315421930806548,1,70.0,0.25743924343804625
508,0.0037270341207349083,1,71.0,0.2572786925761904
509,0.0037197118533071377,1,71.0,0.25701750240138066
510,0.003712418300653595,1,71.0,0.2567568248670865
511,0.00370515329419439,1,71.0,0.25649665796492005
512,0.0036979166666666666,1,71.0,0.25623699969827274
513,0.0036907082521117607,1,71.0,0.2559778480822237
514,0.0036835278858625164,1,71.0,0.25571920114344826
515,0.0036791006642820645,1,72.0,0.2555594749765669
516,0.0036719706242350062,1,72.0,0.2553018315183009
517,0.003664868166547898,1,72.0,0.2550446868860163
518,0.003657793131477342,1,72.0,0.25478803915188136
519,0.003650745360511104,1,72.0,0.25453188639921875
520,0.0036437246963562757,1,72.0,0.25427622672241945
521,0.0036367309829275687,1,72.0,0.2540210582268579
522,0.003629764065335753,1,72.0,0.25376637902880744
523,0.003625437659854486,1,73.0,0.25360797893717796
524,0.0036185188856944586,1,73.0,0.2533542727261504
525,0.003611626468769326,1,73.0,0.25310105022601875
526,0.003604760258752654,1,73.0,0.25284830959582644
527,0.003597920106459006,1,73.0,0.2525960490051067
528,0.0035911058638331364,1,73.0,0.2523442666338028
529,0.0035843173839393123,1,73.0,0.25209296067219006
530,0.003580067731011127,1,74.0,0.25193539839842644
531,0.0035733256072239127,1,74.0,0.2516850398679568
532,0.0035666088297667243,1,74.0,0.25143515237921493
533,0.0035599172559772937,1,74.0,0.2511857341630286
534,0.00355325074426198,1,74.0,0.25093678346017373
535,0.0035466091540857893,1,74.0,0.2506882985213005
536,0.0035399923459624957,1,74.0,0.2504402776068595
537,0.003535817834665158,1,75.0,0.25028356383399464
538,0.0035292456825561152,1,75.0,0.2500364657886059
539,0.0035226979169112986,1,75.0,0.24978982660707522
540,0.003516174402250352,1,75.0,0.2495436445883302
541,0.003509675004094621,1,75.0,0.24929791804074022
542,0.0035031995889579152,1,75.0,0.24905264528204668
543,0.0034967480243373664,1,75.0,0.24880782463929355
544,0.0034926470588235296,1,76.0,0.24865196838811462
545,0.003486238532110092,1,76.0,0.24840804699524446
546,0.00347985347985348,1,76.0,0.2481645727545827
547,0.003473491773308958,1,76.0,0.24792154402970604
548,0.0034671532846715326,1,76.0,0.24767895919315852
549,0.0034608378870673953,1,76.0,0.24743681662638495
550,0.0034545454545454545,1,76.0,0.24719511471966704
551,0.003450516457171025,1,77.0,0.24704012349645382
552,0.003444265521560208,1,77.0,0.2467992981157175
553,0.0034380371933114546,1,77.0,0.24655890861826127
554,0.0034318313500022284,1,77.0,0.24631895342907675
555,0.0034256478700923146,1,77.0,0.2460794309816765
556,0.0034194866329158896,1,77.0,0.245840339718033
557,0.0034133475186736706,1,77.0,0.24560167808851782
558,0.003409388932599003,1,78.0,0.24544755801955892
559,0.003403289846851957,1,78.0,0.2452097510427108
560,0.003397212543554007,1,78.0,0.24497236910090037
561,0.0033911569062214687,1,78.0,0.24473541067749824
562,0.0033851228191997223,1,78.0,0.24449887426397815
563,0.003379110167655851,1,78.0,0.24426275835985942
564,0.0033731188375713548,1,78.0,0.24402706147264952
565,0.0033671487157349448,1,78.0,0.24379178211778788
566,0.0033632764272638256,1,79.0,0.24363895412761302
567,0.00335734472280657,1,79.0,0.24340450541521313
568,0.0033514339046326154,1,79.0,0.2431704698285116
569,0.0033455438626209585,1,79.0,0.24293684591411865
570,0.003339674487423377,1,79.0,0.24270363222630087
571,0.0033338256704576624,1,79.0,0.24247082732692737
572,0.003327997303900918,1,79.0,0.2422384297854159
573,0.0033241918058671987,1,80.0,0.24208647142068554
574,0.0033184005309440847,1,80.0,0.24185488433308677
575,0.0033126293995859213,1,80.0,0.24162370035637526
576,0.003306878306878307,1,80.0,0.24139291808964314
577,0.00330114714863415,1,80.0,0.24116253613927283
578,0.003295435821387379,1,80.0,0.2409325531188863
579,0.0032897442223867096,1,80.0,0.24070296764929489
580,0.003286004056795132,1,81.0,0.24055188195440072
581,0.00328034828389187,1,81.0,0.2403230874773444
582,0.003274711946634324,1,81.0,0.2400946864561608
583,0.0032690949450105942,1,81.0,0.23986667753992744
584,0.003263497179693795,1,81.0,0.23963905938466729
585,0.003257918552036199,1,81.0,0.23941183065330174
586,0.003252358964063441,1,81.0,0.23918499001560306
587,0.003248682698783725,1,82.0,0.23903477906705362
588,0.003243157728207562,1,82.0,0.23880871065317588
589,0.003237651518142694,1,82.0,0.2385830263829223
590,0.003232163973196689,1,82.0,0.2383577249530056
591,0.0032266949986227518,1,82.0,0.23813280506675974
592,0.0032212445003142677,1,82.0,0.23790826543409557
593,0.0032158123847994035,1,82.0,0.2376841047714555
594,0.003212198614497465,1,83.0,0.23753476976397028
595,0.003206799961363856,1,83.0,0.23731136321661545
596,0.00320141942451593,1,83.0,0.23708833182736722
597,0.003196056912917076,1,83.0,0.23686567433836003
598,0.0031907123361396223,1,83.0,0.23664338949804406
599,0.003185385604359757,1,83.0,0.23642147606114305
600,0.0031800766283524907,1,83.0,0.23619993278861232
601,0.00317652397519286,1,84.0,0.23605147411384614
602,0.003171247357293869,1,84.0,0.23583066747764023
603,0.003165988240615106,1,84.0,0.23561022732564638
604,0.0031607465382299817,1,84.0,0.23539015244333425
605,0.0031555221637866266,1,84.0,0.23517044162220122
606,0.0031503150315031507,1,84.0,0.2349510936597322
607,0.0031451250561629475,1,84.0,0.2347321073593605
608,0.003141632170313424,1,85.0,0.23458452467792915
609,0.003136473496798952,1,85.0,0.23436625813564813
610,0.003131331736968134,1,85.0,0.23414834970106232
611,0.00312620680777506,1,85.0,0.23393079820100912
612,0.0031210986267166045,1,85.0,0.2337136024680812
613,0.003116007111827996,1,85.0,0.2334967613405891
614,0.0031109321816784395,1,85.0,0.2332802736625242
615,0.0031058737553667673,1,85.0,0.23306413828352154
616,0.0031024531024531022,1,86.0,0.23291778174523753
617,0.003097424815415091,1,86.0,0.2327023475356556
618,0.0030924128011506655,1,86.0,0.2324872622075373
619,0.0030874169807933944,1,86.0,0.2322725246327284
620,0.003082437275985663,1,86.0,0.23205813368853812
621,0.003077473608874575,1,86.0,0.23184408825770314
622,0.0030725259021078958,1,86.0,0.23163038722835383
623,0.0030691619776692003,1,87.0,0.2314848962103692
624,0.0030642434488588337,1,87.0,0.23127188066978052
625,0.003059340659340659,1,87.0,0.23105920622708073
626,0.0030544535336867605,1,87.0,0.23084687179162858
627,0.003049581996950418,1,87.0,0.23063487627800522
628,0.0030447259746622804,1,87.0,0.23042321860598083
629,0.003039885392826569,1,87.0,0.23021189770048223
630,0.003036576949620428,1,88.0,0.23006727030512397
631,0.0030317646248191276,1,88.0,0.22985661972791788
632,0.003026967528893781,1,88.0,0.2296463027226284
633,0.00302218558966962,1,88.0,0.22943631823448193
634,0.003017418735427239,1,88.0,0.2292266652137
635,0.003012666894899007,1,88.0,0.22901734261546763
636,0.0030079299972655183,1,88.0,0.22880834939990186
637,0.0030046758157357234,1,89.0,0.22866458321940422
638,0.0029999662925135674,1,89.0,0.2284562456690978
639,0.0029952715095831863,1,89.0,0.2282482344110945
640,0.0029905913978494625,1,89.0,0.22804054842493302
641,0.002985925888648449,1,89.0,0.22783318669493172
642,0.002981274913744012,1,89.0,0.22762614821015884
643,0.0029766384053245038,1,89.0,0.22741943196440303
644,0.002973437293511299,1,90.0,0.22727652412804414
645,0.0029688273132112814,1,90.0,0.22707044936042278
646,0.002964231605296094,1,90.0,0.22686469384121366
647,0.0029596501035877533,1,90.0,0.2266592565827954
648,0.002955082742316785,1,90.0,0.22645413660212266
649,0.00295052945611907,1,90.0,0.2262493329206973
650,0.0029459901800327334,1,90.0,0.22604484456454135
651,0.002942840973401245,1,91.0,0.22590279178189882
652,0.0029383274136260897,1,91.0,0.22569893117228634
653,0.0029338276779237527,1,91.0,0.2254953829928494
654,0.0029293417028810557,1,91.0,0.22529214628741231
655,0.002924869425472077,1,91.0,0.22508922010418245
656,0.0029204107830551993,1,91.0,0.22488660349572295
657,0.002915965713370183,1,91.0,0.2246842955189266
658,0.002912867274569402,1,92.0,0.22454309411958812
659,0.0029084471421345474,1,92.0,0.2243414005939829
660,0.002904040404040404,1,92.0,0.2241400128964336
661,0.0028996469994957137,1,92.0,0.22393893010088978
662,0.002895266868076536,1,92.0,0.22373815128550048
663,0.0028908999497234793,1,92.0,0.22353767553258916
664,0.0028865461847389557,1,92.0,0.22333750192862856
665,0.0028822055137844613,1,92.0,0.223137629564216
666,0.0028791678276214355,1,93.0,0.22299757586849073
667,0.002874851234176726,1,93.0,0.22279830327133843
668,0.002870547564664485,1,93.0,0.22259932921002398
669,0.0028662567611298603,1,93.0,0.22240065279139554
670,0.0028619787659639943,1,93.0,0.22220227312630333
671,0.0028577135219014552,1,93.0,0.2220041893295762
672,0.0028534609720176733,1,93.0,0.22180640051999717
673,0.0028504715407708403,1,94.0,0.22166718364529922
674,0.0028462423545085693,1,94.0,0.22146998218206723
675,0.002842025699168556,1,94.0,0.22127307308582642
676,0.0028378215191402004,1,94.0,0.22107645549094487
677,0.0028336297591414704,1,94.0,0.22088012853562944
678,0.002829450364216483,1,94.0,0.22068409136190328
679,0.002825283279733101,1,94.0,0.22048834311558282
680,0.002822341057635175,1,95.0,0.2203499586502224
681,0.00281819665079577,1,95.0,0.22015478571122565
682,0.00281406439764211,1,95.0,0.21995989915962283
683,0.002809944244790511,1,95.0,0.21976529815618331
684,0.0028058361391694727,1,95.0,0.21957098186535964
685,0.0028017400280174,1,95.0,0.21937694945526628
686,0.002797655858880349,1,95.0,0.2191832000976587
687,0.0027947598253275107,1,96.0,0.21904564337121535
688,0.0027906976744186047,1,96.0,0.2188524576483017
689,0.0027866473149492014,1,96.0,0.21865955251477212
690,0.002782608695652174,1,96.0,0.21846692715673366
691,0.0027785817655571637,1,96.0,0.21827458076382986
692,0.0027745664739884392,1,96.0,0.21808251252921954
693,0.0027705627705627706,1,96.0,0.21789072164955722
694,0.0027677119296944104,1,97.0,0.2177539877592759
695,0.002763729610371109,1,97.0,0.21756274919335303
696,0.0027597587344941393,1,97.0,0.2173717855931122
697,0.0027557992528090686,1,97.0,0.21718109616898879
698,0.002751851116343726,1,97.0,0.21699068013481462
699,0.0027479142764061815,1,97.0,0.2168005367077976
700,0.002743988684582744,1,97.0,0.21661066510850296
701,0.0027411820648373473,1,98.0,0.21647474894357252
702,0.0027372772470811687,1,98.0,0.21628541867475173
703,0.0027333835383370987,1,98.0,0.2160963579153014
704,0.002729500891265597,1,98.0,0.21590756589902554
705,0.002725629258795717,1,98.0,0.21571904186299046
706,0.002721768594123202,1,98.0,0.2155307850475072
707,0.0027179188507086005,1,98.0,0.21534279469611223
708,0.002714079982275396,1,98.0,0.2151550700555497
709,0.0027113259479370645,1,99.0,0.21502023128020045
710,0.0027075071789963083,1,99.0,0.21483303581427599
711,0.0027036991520216296,1,99.0,0.21464610381848195
712,0.0026999018217519362,1,99.0,0.21445943455221342
713,0.002696115143180054,1,99.0,0.21427302727798367
714,0.0026923390715509507,1,99.0,0.2140868812614068
715,0.0026885735623599703,1,99.0,0.2139009957711803
716,0.0026858616244091102,1,100.0,0.21376695880027863
717,0.00268211565282695,1,100.0,0.21358159218109382
718,0.0026783801157060213,1,100.0,0.2133964839126814
719,0.002674654969508933,1,100.0,0.2132116332759018
720,0.002670940170940171,1,100.0,0.21302703955461405
721,0.0026672356769444146,1,100.0,0.21284270203565883
722,0.00266354144470488,1,100.0,0.2126586200088423
723,0.002660870710663242,1,101.0,0.21252537938382737
724,0.002657195474875033,1,101.0,0.21234180622248564
725,0.0026535303776683084,1,101.0,0.212158486440329
726,0.0026498753771481043,1,101.0,0.21197541933886194
727,0.0026462304316499643,1,101.0,0.21179260422247304
728,0.0026425954997383572,1,101.0,0.21161004039841952
729,0.002638970540205108,1,101.0,0.21142772717681135
730,0.0026363401395709486,1,102.0,0.2112952773045258
731,0.0026327336551118913,1,102.0,0.21111346322947108
732,0.0026291370244355084,1,102.0,0.21093189770415208
733,0.002625550207212541,1,102.0,0.21075058004993447
734,0.002621973163333505,1,102.0,0.21056950959095944
735,0.0026184058529072005,1,102.0,0.2103886856541286
736,0.002614848236259229,1,102.0,0.21020810756908928
737,0.0026122573200268837,1,103.0,0.21007644273805143
738,0.0026087176759618065,1,103.0,0.20989635435644374
739,0.0026051876114476496,1,103.0,0.20971650983189322
740,0.002601667087648396,1,103.0,0.20953690850488074
741,0.0025981560659376697,1,103.0,0.2093575497185592
742,0.0025946545078973223,1,103.0,0.20917843281873894
743,0.0025911623753160336,1,103.0,0.20899955715387358
744,0.0025886101154918356,1,104.0,0.2088686715492565
745,0.002585135471041511,1,104.0,0.20869027641016336
746,0.002581670141991858,1,104.0,0.2085121205671034
747,0.002578214090931628,1,104.0,0.2083342033789614
748,0.0025747672806496337,1,104.0,0.20815652420719583
749,0.0025713296741334125,1,104.0,0.20797908241582377
750,0.002567901234567901,1,104.0,0.20780187737140846
751,0.0025653868236846285,1,105.0,0.20767176508882534
752,0.0025619754050361116,1,105.0,0.2074950316481273
753,0.002558573047260499,1,105.0,0.20731853306921375
754,0.002555179714306573,1,105.0,0.20714226872869526
755,0.0025517953703141135,1,105.0,0.2069662380056615
756,0.0025484199796126403,1,105.0,0.20679044028166732
757,0.002545053506720153,1,105.0,0.20661487494072053
758,0.002541695916341895,1,105.0,0.20643954136926793
759,0.002539226254641274,1,106.0,0.2063104275858282
760,0.0025358851674641145,1,106.0,0.20613555572239986
761,0.0025325528610679725,1,106.0,0.20596091380231646
762,0.0025292293008828443,1,106.0,0.20578650122165565
763,0.002525914452519957,1,106.0,0.20561231737887112
764,0.0025226082817705856,1,106.0,0.20543836167478038
765,0.0025193107546048724,1,106.0,0.20526463351255192
766,0.0025168771905064334,1,107.0,0.2051362768124334
767,0.002513595733934717,1,107.0,0.2049630019527791
768,0.0025103228228228226,1,107.0,0.20478995285847817
769,0.002507058423833456,1,107.0,0.20461712894198228
770,0.0025038025038025035,1,107.0,0.20444452961803372
771,0.0025005550297379094,1,107.0,0.20427215430365367
772,0.002497315968818559,1,107.0,0.2041000024181298
773,0.0024949177601182775,1,108.0,0.20397239681444873
774,0.0024916943521594683,1,108.0,0.2038006900535106
775,0.002488479262672811,1,108.0,0.20362920499277753
776,0.002485272459499264,1,108.0,0.20345794106048834
777,0.002482073910645339,1,108.0,0.20328689768709107
778,0.002478883584282042,1,108.0,0.20311607430523165
779,0.0024757014487438106,1,108.0,0.20294547034974192
780,0.00247333787156796,1,109.0,0.20281860980695754
781,0.002470170985688872,1,109.0,0.20264844301739282
782,0.00246701219926216,1,109.0,0.20247849397170023
783,0.002463861481255439,1,109.0,0.20230876211334553
784,0.0024607188007946543,1,109.0,0.20213924688792578
785,0.0024575841271630683,1,109.0,0.20196994774315785
786,0.0024544574298002654,1,109.0,0.20180086412886794
787,0.0024521277781493125,1,110.0,0.2016747425720481
788,0.002449015940867397,1,110.0,0.20150608837657671
789,0.002445911991639428,1,110.0,0.201337648073611
790,0.0024428159005107706,1,110.0,0.2011694211213078
791,0.0024397276376782666,1,110.0,0.20100140697988025
792,0.002436647173489279,1,110.0,0.2008336051115875
793,0.0024335744784407423,1,110.0,0.2006660149807241
794,0.002431278063738911,1,111.0,0.20054062630406655
795,0.002428219852337982,1,111.0,0.20037345804903742
796,0.0024251693248852958,1,111.0,0.20020649993643336
797,0.002422126452457586,1,111.0,0.2000397514385896
798,0.002419091206276561,1,111.0,0.19987321202982603
799,0.0024160635577080048,1,111.0,0.19970688118643792
800,0.00241304347826087,1,111.0,0.19954075838668564
801,0.0024100309395863866,1,111.0,0.1993748431107847
802,0.002407773669275088,1,112.0,0.19925038819146434
803,0.002404775196461545,1,112.0,0.19908488641168529
804,0.002401784182535598,1,112.0,0.1989195906080387
805,0.0023988005997001498,1,112.0,0.19875450026846456
806,0.0023958244202960557,1,112.0,0.1985896148828098
807,0.002392855616801265,1,112.0,0.1984249339428189
808,0.002389894161829976,1,112.0,0.19826045694212469
809,0.002387668642303994,1,113.0,0.1981367190582525
810,0.0023847209032394215,1,113.0,0.1979726484245566
811,0.0023817804335683496,1,113.0,0.19780878022229245
812,0.0023788472064334132,1,113.0,0.19764511395255294
813,0.002375921195109387,1,113.0,0.19748164911827312
814,0.0023730023730023733,1,113.0,0.19731838522422146
815,0.002370090713648996,1,113.0,0.19715532177698988
816,0.0023678963110667995,1,114.0,0.19703229486629445
817,0.002364998029168309,1,114.0,0.1968696308397317
818,0.002362106833533629,1,114.0,0.19670716579062125
819,0.002359222698205749,1,114.0,0.1965448992327624
820,0.002356345597354279,1,114.0,0.1963828306817349
821,0.0023534755052746757,1,114.0,0.19622095965488912
822,0.00235061239638748,1,114.0,0.19605928567133835
823,0.0023484484923981743,1,115.0,0.19593696366528954
824,0.0023455984335481765,1,115.0,0.19577568233267575
825,0.0023427552839317546,1,115.0,0.19561459661118666
826,0.00233991901845484,1,115.0,0.1954537060269003
827,0.002337089612144737,1,115.0,0.19529301010761516
828,0.002334267040149393,1,115.0,0.19513250838284174
829,0.002331451277736668,1,115.0,0.19497220038379404
830,0.0023293172690763055,1,116.0,0.19485057721330376
831,0.0023265142398716404,1,116.0,0.19469065526612314
832,0.0023237179487179487,1,116.0,0.19453092564845048
833,0.0023209283713485395,1,116.0,0.1943713878982325
834,0.0023181454836131094,1,116.0,0.1942120415550794
835,0.002315369261477046,1,116.0,0.19405288616025615
836,0.0023125996810207335,1,116.0,0.19389392125667518
837,0.00231049497911668,1,117.0,0.1937729908573265
838,0.002307737825203653,1,117.0,0.19361440557151602
839,0.0023049872437671767,1,117.0,0.19345600941548896
840,0.0023022432113341206,1,117.0,0.19329780193866794
841,0.002299505704542998,1,117.0,0.1931397826920839
842,0.002296774700143303,1,117.0,0.1929819512283684
843,0.002294050174994853,1,117.0,0.19282430710174572
844,0.0022919742055784323,1,118.0,0.1927040634185879
845,0.0022892618100688717,1,118.0,0.1925467926351589
846,0.0022865558268418402,1,118.0,0.19238970786097895
847,0.0022838562331855923,1,118.0,0.19223280865656955
848,0.0022811630064955147,1,118.0,0.19207609458400782
849,0.002278476124273494,1,118.0,0.191919565206919
850,0.00227579556412729,1,118.0,0.1917632200904697
851,0.002273121303769914,1,118.0,0.19160705880136025
852,0.002271079048818657,1,119.0,0.19148767918886656
853,0.002268416588034579,1,119.0,0.19133188426063671
854,0.002265760362521658,1,119.0,0.19117627186897865
855,0.0022631103504017498,1,119.0,0.19102084158665597
856,0.0022604665298989438,1,119.0,0.1908655929879309
857,0.0022578288793389683,1,119.0,0.19071052564855667
858,0.0022551973771485967,1,119.0,0.1905556391457709
859,0.0022531826204513876,1,120.0,0.19043693120489355
860,0.002250562640660165,1,120.0,0.1902824051128995
861,0.0022479487467685737,1,120.0,0.190128058598043
862,0.002245340917595988,1,120.0,0.1899738912434297
863,0.002242739132059956,1,120.0,0.1898199026336154
864,0.002240143369175627,1,120.0,0.18966609235459939
865,0.0022375536080551928,1,120.0,0.18951245999381738
866,0.002235565819861432,1,121.0,0.18939441779494756
867,0.0022329873125720877,1,121.0,0.18924114003865475
868,0.002230414746543779,1,121.0,0.18908803897145732
869,0.0022278481012658227,1,121.0,0.1889351141864717
870,0.002225287356321839,1,121.0,0.1887823652782184
871,0.002222732491389208,1,121.0,0.18862979184261522
872,0.002220183486238532,1,121.0,0.18847739347697082
873,0.0022182221494936273,1,122.0,0.18836001111309722
874,0.002215684137880934,1,122.0,0.1882079616848288
875,0.002213151927437642,1,122.0,0.1880560861267279
876,0.002210625498296731,1,122.0,0.1879043840416037
877,0.0022081048306817974,1,122.0,0.18775285503362504
878,0.002205589904906534,1,122.0,0.1876014987083139
879,0.0022030807013742166,1,122.0,0.18745031467253948
880,0.002201145311381532,1,123.0,0.1873335862623964
881,0.0021986468490530625,1,123.0,0.18718274563166082
882,0.0021961540521720497,1,123.0,0.18703207611909084
883,0.0021936669014900882,1,123.0,0.18688157733688343
884,0.0021911853778458688,1,123.0,0.18673124889855186
885,0.002188709462164687,1,123.0,0.18658109041892057
886,0.0021862391354579547,1,123.0,0.18643110151411876
887,0.002184329199549042,1,124.0,0.18631502120505544
888,0.002181869369369369,1,124.0,0.186165370303491
889,0.0021794150731158607,1,124.0,0.1860158878329151
890,0.0021769662921348313,1,124.0,0.18586657341461785
891,0.0021745230078563413,1,124.0,0.18571742667116603
892,0.002172085201793722,1,124.0,0.18556844722639593
893,0.002169652855543113,1,124.0,0.18541963470540831
894,0.002167767892756187,1,125.0,0.18530419667600032
895,0.002165345805725174,1,125.0,0.18515571688290985
896,0.0021629291251384275,1,125.0,0.18500740289643477
897,0.0021605178329141927,1,125.0,0.1848592543466772
898,0.0021581119110512595,1,125.0,0.18471127086497582
899,0.0021557113416285105,1,125.0,0.18456345208390015
900,0.002153316106804479,1,125.0,0.18441579763724542
901,0.0021509261888169044,1,125.0,0.18426830716002646
902,0.0021490704417533686,1,126.0,0.18415366922811302
903,0.002146690518783542,1,126.0,0.1840065055996641
904,0.0021443158611300205,1,126.0,0.18385950485296218
905,0.0021419464513387164,1,126.0,0.1837126666278487
906,0.002139582272032603,1,126.0,0.18356599056535802
907,0.002137223305911288,1,126.0,0.1834194763077126
908,0.002134869535750593,1,126.0,0.18327312349831773
909,0.002133037731254041,1,127.0,0.18315911379332286
910,0.002130693733747169,1,127.0,0.18301308281534945
911,0.002128354882228237,1,127.0,0.18286721222288668
912,0.002126021159769653,1,127.0,0.1827215016640186
913,0.0021236925495179883,1,127.0,0.18257595078798683
914,0.002121369034693571,1,127.0,0.1824305592451845
915,0.0021190505985900806,1,127.0,0.18228532668715178
916,0.002117242291914781,1,128.0,0.18217193955214062
917,0.0021149334126433364,1,128.0,0.18202702392283004
918,0.002112629563609956,1,128.0,0.1818822662397406
919,0.0021103307283938406,1,128.0,0.18173766615895035
920,0.002108036890645586,1,128.0,0.18159322333765893
921,0.0021057480340867965,1,128.0,0.18144893743418375
922,0.0021034641425096957,1,128.0,0.18130480810795407
923,0.002101678899306772,1,129.0,0.18119203792370014
924,0.0020994043550434526,1,129.0,0.1810482207346755
925,0.002097134728713676,1,129.0,0.18090455910781109
926,0.0020948700043846116,1,129.0,0.18076105270693776
927,0.0020926101661921798,1,129.0,0.18061770119697523
928,0.0020903551983406793,1,129.0,0.18047450424392664
929,0.0020881050851024223,1,129.0,0.18033146151487464
930,0.0020863424811426736,1,130.0,0.18021930270150194
931,0.0020841015117751736,1,130.0,0.18007656742598377
932,0.0020818653513548138,1,130.0,0.17993398538213812
933,0.0020796339844187423,1,130.0,0.17979155624131776
934,0.002077407395570328,1,130.0,0.17964927967593192
935,0.0020751855694788094,1,130.0,0.17950715535944126
936,0.0020729684908789387,1,130.0,0.17936518296635365
937,0.0020712281117830746,1,131.0,0.1792536299848135
938,0.0020690199794677405,1,131.0,0.179111960466222
939,0.002066816550309628,1,131.0,0.17897044190079567
940,0.0020646178092986606,1,131.0,0.17882907396718634
941,0.002062423741488566,1,131.0,0.17868785634507112
942,0.00206023433199654,1,131.0,0.1785467887151478
943,0.002058049566002906,1,131.0,0.17840587075913064
944,0.0020558694287507845,1,131.0,0.17826510215974545
945,0.002054154995331466,1,132.0,0.1781542985535032
946,0.002051983584131327,1,132.0,0.17801382771958743
947,0.0020498167588048947,1,132.0,0.17787350529651177
948,0.0020476545048399106,1,132.0,0.17773333097100763
949,0.002045496807785285,1,132.0,0.1775933044307977
950,0.0020433436532507738,1,132.0,0.17745342536459105
951,0.0020411950269066618,1,132.0,0.17731369346207934
952,0.0020395019321597253,1,133.0,0.17720348255119406
953,0.00203736184618684,1,133.0,0.17706404404905648
954,0.0020352262467673568,1,133.0,0.17692475178554268
955,0.002033095119807391,1,133.0,0.17678560545423305
956,0.0020309684512720273,1,133.0,0.17664660474967056
957,0.002028846227185014,1,133.0,0.17650774936735558
958,0.0020267284336284532,1,133.0,0.17636903900374315
959,0.0020250562935424884,1,134.0,0.17625941542675702
960,0.002022946859903382,1,134.0,0.17612099419370997
961,0.0020208418163446895,1,134.0,0.17598271707441415
962,0.0020187411491759317,1,134.0,0.17584458376910087
963,0.002016644844763496,1,134.0,0.17570659397893582
964,0.0020145528895303385,1,134.0,0.1755687474060152
965,0.002012465269955696,1,134.0,0.1754310437533616
966,0.002010813709281022,1,135.0,0.1753220021927319
967,0.0020087342742145476,1,135.0,0.17518458349336802
968,0.0020066591355015163,1,135.0,0.17504730682886088
969,0.002004588279840524,1,135.0,0.17491017190590144
970,0.002002521693985018,1,135.0,0.17477317843208817
971,0.0020004593647430153,1,135.0,0.1746363261159236
972,0.0019984012789768186,1,135.0,0.1744996146668103
973,0.00199676993099398,1,136.0,0.17439114984976808
974,0.0019947198591962452,1,136.0,0.17425471926654737
975,0.0019926739926739924,1,136.0,0.17411842868394967
976,0.0019906323185011707,1,136.0,0.17398227781494138
977,0.0019885948238046497,1,136.0,0.17384626637337075
978,0.00198656149576395,1,136.0,0.1737103940739642
979,0.0019845323216109733,1,136.0,0.17357466063232255
980,0.0019829208279056303,1,137.0,0.17346676733162328
981,0.0019808995018833005,1,137.0,0.1733313107557953
982,0.00197888229261458,1,137.0,0.17319599218974774
983,0.0019768691875356233,1,137.0,0.17306081135254428
984,0.001974860174133656,1,137.0,0.17292576796410594
985,0.0019728552399467182,1,137.0,0.1727908617452071
986,0.0019708543725634057,1,137.0,0.1726560924174723
987,0.001969262382807483,1,138.0,0.17254876545204717
988,0.001967269202258083,1,138.0,0.17241426907489618
989,0.001965280052407468,1,138.0,0.172279908758848
990,0.0019632949210414002,1,138.0,0.17214568422889276
991,0.0019613137959949402,1,138.0,0.17201159521085344
992,0.001959336665152203,1,138.0,0.1718776414313827
993,0.0019573635164461087,1,138.0,0.17174382261795954
994,0.0019553943378581348,1,138.0,0.17161013849888565
995,0.001953825069402959,1,139.0,0.17150350715787133
996,0.00195186339764653,1,139.0,0.17137009161567654
997,0.0019499056610390612,1,139.0,0.17123680995764093
998,0.001947951847751447,1,139.0,0.17110366191532494
999,0.001946001946001946,1,139.0,0.1709706472210957
1000,0.0019440559440559442,1,139.0,0.1708377656081236
1001,0.0019421138302257181,1,139.0,0.17070501681037892
1002,0.0019405633178088267,1,140.0,0.17059893970970233
1003,0.0019386285587681398,1,140.0,0.1704664557475084
1004,0.0019366976538291278,1,140.0,0.1703341038072218
1005,0.0019347705914870095,1,140.0,0.1702018836259818
1006,0.001932847360282748,1,140.0,0.17006979494171143
1007,0.0019309279488028245,1,140.0,0.16993783749311514
1008,0.0019290123456790125,1,140.0,0.16980601101967552
1009,0.0019274802638324048,1,141.0,0.1697004831587076
1010,0.001925571867531581,1,141.0,0.16956891785712533
1011,0.0019236672464954469,1,141.0,0.16943748275378465
1012,0.0019217663895325064,1,141.0,0.1693061775912494
1013,0.0019198692854954557,1,141.0,0.1691750021128464
1014,0.001917975923280963,1,141.0,0.1690439560626622
1015,0.001916086291829455,1,141.0,0.16891303918554004
1016,0.0019145723222953295,1,142.0,0.16880805561050496
1017,0.0019126897536401717,1,142.0,0.1686773963170488
1018,0.0019108108835481873,1,142.0,0.16854686543569522
1019,0.0019089357011305738,1,142.0,0.1684164627142852
1020,0.0019070641955412303,1,142.0,0.1682861879014012
1021,0.0019051963559765471,1,142.0,0.16815604074636495
1022,0.0019033321716752003,1,142.0,0.16802602099923472
1023,0.0019018360032184915,1,143.0,0.1679215768034999
1024,0.0018999787414965986,1,143.0,0.1677918111252858
1025,0.0018981251037000167,1,143.0,0.16766217210953993
1026,0.0018962750792324726,1,143.0,0.1675326595092367
1027,0.0018944286575389648,1,143.0,0.16740327307807198
1028,0.0018925858281055614,1,143.0,0.1672740125704613
1029,0.0018907465804592002,1,143.0,0.1671448777415359
1030,0.0018892679086853846,1,144.0,0.16704096806583757
1031,0.0018874354470862715,1,144.0,0.16691208386252931
1032,0.0018856065367693275,1,144.0,0.16678332460757156
1033,0.0018837811674210514,1,144.0,0.16665469005893338
1034,0.0018819593287678394,1,144.0,0.16652617997528682
1035,0.0018801410105757932,1,144.0,0.16639779411600342
1036,0.001878326202650527,1,144.0,0.16626953224115193
1037,0.0018765148948369777,1,144.0,0.16614139411149562
1038,0.0018750565749828657,1,145.0,0.16603813765075445
1039,0.00187325190070473,1,145.0,0.1659102462965424
1040,0.0018714506969540526,1,145.0,0.16578247797395515
1041,0.001869652953729313,1,145.0,0.1656548324465071
1042,0.0018678586610673847,1,145.0,0.16552730947839359
1043,0.0018660678090433504,1,145.0,0.16539990883448893
1044,0.0018642803877703207,1,145.0,0.16527263028034328
1045,0.0018628389154704947,1,146.0,0.1651698971131584
1046,0.001861057998725303,1,146.0,0.16504286203787166
1047,0.0018592804839223176,1,146.0,0.16491594835302423
1048,0.0018575063613231553,1,146.0,0.16478915582684422
1049,0.0018557356212265648,1,146.0,0.164662484228223
1050,0.001853968253968254,1,146.0,0.16453593332671257
1051,0.0018522042499207103,1,146.0,0.16440950289252304
1052,0.0018507793417772518,1,147.0,0.16430728833539016
1053,0.0018490217165713853,1,147.0,0.1641810981490927
1054,0.0018472674265177123,1,147.0,0.16405502774467026
1055,0.0018455164621323874,1,147.0,0.1639290768949404
1056,0.0018437688139674893,1,147.0,0.16380324537336652
1057,0.0018420244726108502,1,147.0,0.16367753295405513
1058,0.0018402834286858874,1,147.0,0.16355193941175375
1059,0.0018388748074151383,1,148.0,0.1634502388280222
1060,0.0018371400198609732,1,148.0,0.16332488236653434
1061,0.0018354085024058734,1,148.0,0.16319964411011964
1062,0.001833680245812271,1,148.0,0.16307452383606483
1063,0.0018319552408773581,1,148.0,0.16294952132228516
1064,0.0018302334784329243,1,148.0,0.16282463634732297
1065,0.0018285149493451939,1,148.0,0.16269986869034408
1066,0.0018271223436216262,1,149.0,0.16259867749021656
1067,0.0018254099515470042,1,149.0,0.16247414380918765
1068,0.0018237007661991139,1,149.0,0.1623497267873617
1069,0.0018219947785787219,1,149.0,0.16222542620637814
1070,0.0018202919797202372,1,149.0,0.1621012418484886
1071,0.0018185923606915534,1,149.0,0.16197717349655508
1072,0.0018168959125938933,1,149.0,0.16185322093404758
1073,0.0018155190568983673,1,150.0,0.16175253457453845
1074,0.0018138286294710874,1,150.0,0.16162881294371315
1075,0.001812141347025068,1,150.0,0.16150520645634872
1076,0.0018104572007917733,1,150.0,0.16138171489832442
1077,0.001808776182035235,1,150.0,0.16125833805611595
1078,0.0018070982820519,1,150.0,0.1611350757167936
1079,0.0018054234921704802,1,150.0,0.16101192766802022
1080,0.0018040621266427717,1,151.0,0.16091174165287647
1081,0.0018023932440094299,1,151.0,0.16078882155054708
1082,0.00180072744618687,1,151.0,0.1606660151052865
1083,0.001799064724629911,1,151.0,0.16054332210710462
1084,0.001797405070824902,1,151.0,0.16042074234659295
1085,0.0017957484762895794,1,151.0,0.1602982756149221
1086,0.0017940949325729223,1,151.0,0.16017592170383982
1087,0.0017924444312550079,1,151.0,0.16005368040566909
1088,0.0017911010558069383,1,152.0,0.15995410269106378
1089,0.0017894563349108805,1,152.0,0.15983208599797413
1090,0.0017878146318513293,1,152.0,0.15971018129819362
1091,0.0017861759383299254,1,152.0,0.15958838838632405
1092,0.0017845402460787076,1,152.0,0.15946670705753174
1093,0.0017829075468599714,1,152.0,0.15934513710754566
1094,0.0017812778324661322,1,152.0,0.1592236783326552
1095,0.0017799493935956724,1,153.0,0.15912459067575618
1096,0.001778325352178158,1,153.0,0.15900335364215595
1097,0.0017767042716383419,1,153.0,0.15888222717586115
1098,0.0017750861438863943,1,153.0,0.15876121107538235
1099,0.00177347096086193,1,153.0,0.15864030513978045
1100,0.0017718587145338738,1,153.0,0.15851950916866445
1101,0.001770249396900328,1,153.0,0.1583988229621897
1102,0.0017689356520940063,1,154.0,0.1583002210333971
1103,0.0017673319026360788,1,154.0,0.1581797537588463
1104,0.0017657310585213724,1,154.0,0.15805939565266067
1105,0.0017641331118620769,1,154.0,0.15793914651716104
1106,0.0017625380547989103,1,154.0,0.15781900615520456
1107,0.001760945879500989,1,154.0,0.1576989743701828
1108,0.0017593565781656995,1,154.0,0.15757905096602004
1109,0.0017580572899830434,1,155.0,0.157480930481144
1110,0.001756473454586662,1,155.0,0.15736122325259266
1111,0.0017548924703791131,1,155.0,0.15724162381984919
1112,0.0017533143296683408,1,155.0,0.15712213198894917
1113,0.0017517390247899327,1,155.0,0.15700274756645088
1114,0.0017501665481069971,1,155.0,0.15688347035943398
1115,0.0017485968920100405,1,155.0,0.15676430017549747
1116,0.001747311827956989,1,156.0,0.15666665689555406
1117,0.0017457475380483437,1,156.0,0.1565477001826429
1118,0.0017441860465116279,1,156.0,0.15642884991870604
1119,0.0017426273458445041,1,156.0,0.15631010591340094
1120,0.0017410714285714286,1,156.0,0.1561914679768955
1121,0.0017395182872435324,1,156.0,0.15607293591986549
1122,0.0017379679144385028,1,156.0,0.15595450955349338
1123,0.0017366968468443555,1,157.0,0.15585733928447634
1124,0.0017351517428880882,1,157.0,0.1557391237349836
1125,0.0017336093857832986,1,157.0,0.15562101331271636
1126,0.001732069768211555,1,157.0,0.15550300783086488
1127,0.0017305328828804002,1,157.0,0.1553851071031166
1128,0.0017289987225232368,1,157.0,0.15526731094365495
1129,0.0017274672798992126,1,157.0,0.15514961916715733
1130,0.0017259385477931073,1,157.0,0.15503203158879333
1131,0.0017246837170208818,1,158.0,0.15493543419521846
1132,0.0017231601448327008,1,158.0,0.15481805446059052
1133,0.0017216392620923366,1,158.0,0.15470077837254084
1134,0.0017201210616848476,1,158.0,0.15458360574819052
1135,0.0017186055365203674,1,158.0,0.15446653640514438
1136,0.001717092679533994,1,158.0,0.15434957016148898
1137,0.0017155824836856792,1,158.0,0.15423270683579113
1138,0.0017143411646737899,1,159.0,0.15413657292225583
1139,0.0017128360363465962,1,159.0,0.15401991489008585
1140,0.0017113335485954148,1,159.0,0.15390335923443807
1141,0.0017098336944774521,1,159.0,0.15378690577578344
1142,0.0017083364670742321,1,159.0,0.15367055433506444
1143,0.00170684185949149,1,159.0,0.15355430473369397
1144,0.0017053498648590673,1,159.0,0.1534381567935531
1145,0.0017041218447118968,1,160.0,0.1533424823227785
1146,0.0017026348273953943,1,160.0,0.15322653717260695
1147,0.0017011504029600015,1,160.0,0.15311069315210385
1148,0.0016996685646298972,1,160.0,0.1529949500850083
1149,0.0016981893056528476,1,160.0,0.15287930779551992
1150,0.0016967126193001062,1,160.0,0.1527637661082968
1151,0.0016952384988663093,1,160.0,0.1526483248484547
1152,0.0016940235690235692,1,161.0,0.15255310582646597
1153,0.0016925543378275383,1,161.0,0.15243786489855324
1154,0.0016910876529594033,1,161.0,0.15232272387609563
1155,0.0016896235078053261,1,161.0,0.15220768258602152
1156,0.0016881618957743526,1,161.0,0.152092740855709
1157,0.0016867028102983159,1,161.0,0.15197789851298374
1158,0.0016852462448317372,1,161.0,0.15186315538611758
1159,0.001684044200962608,1,162.0,0.15176838786194385
1160,0.0016825924387203989,1,162.0,0.15165384265338924
1161,0.0016811431773606051,1,162.0,0.15153939614817175
1162,0.0016796964104265598,1,162.0,0.15142504817633295
1163,0.0016782521314838027,1,162.0,0.15131079856835314
1164,0.001676810334119985,1,162.0,0.15119664715514936
1165,0.001675371011944775,1,162.0,0.15108259376807473
1166,0.0016741816538449687,1,163.0,0.15098827383343524
1167,0.0016727470508853758,1,163.0,0.15087441599441204
1168,0.0016713149044377,1,163.0,0.1507606556781752
1169,0.0016698852081978046,1,163.0,0.15064699271780485
1170,0.0016684579558831057,1,163.0,0.15053342694680966
1171,0.0016670331412324795,1,163.0,0.15041995819912482
1172,0.0016656107580061718,1,163.0,0.15030658630911098
1173,0.0016644338894978281,1,164.0,0.15021271009808895
1174,0.001663016143425002,1,164.0,0.1500995314281922
1175,0.0016616008105369807,1,164.0,0.14998644912158499
1176,0.0016601878846776805,1,164.0,0.1498734630143145
1177,0.0016587773597119392,1,164.0,0.1497605729428459
1178,0.0016573692295254266,1,164.0,0.1496477787440609
1179,0.0016559634880245566,1,164.0,0.1495350802552568
1180,0.0016545601291364004,1,164.0,0.1494224773141442
1181,0.0016533977323399585,1,165.0,0.14932913638866369
1182,0.001651998918691617,1,165.0,0.14921672405771552
1183,0.0016506024699015141,1,165.0,0.14910440679006054
1184,0.0016492083799776109,1,165.0,0.14899218442505122
1185,0.0016478166429480937,1,165.0,0.14888005680244662
1186,0.001646427252861291,1,165.0,0.14876802376241127
1187,0.0016450402037855865,1,165.0,0.1486560851455139
1188,0.0016438898791839968,1,166.0,0.1485631792158421
1189,0.001642507297283926,1,166.0,0.14845142896853689
1190,0.0016411270390509144,1,166.0,0.14833977266848727
1191,0.0016397490986318959,1,166.0,0.14822821015786491
1192,0.0016383734701934465,1,166.0,0.14811674127923902
1193,0.0016370001479217003,1,166.0,0.14800536587557475
1194,0.0016356291260222683,1,166.0,0.14789408379023183
1195,0.0016344906897648585,1,167.0,0.1478016091351485
1196,0.0016331240587533493,1,167.0,0.14769051321810062
1197,0.00163175971116876,1,167.0,0.14757951015180915
1198,0.0016303976412929931,1,167.0,0.1474685997811996
1199,0.0016290378434270275,1,167.0,0.14735778195158594
1200,0.001627680311890838,1,167.0,0.14724705650866873
1201,0.001626325041023319,1,167.0,0.14713642329853435
1202,0.0016251983128893702,1,168.0,0.14704437623731864
1203,0.001623847358348315,1,168.0,0.14693392703254451
1204,0.0016224986479177934,1,168.0,0.14682356960111287
1205,0.0016211521760108078,1,168.0,0.14671330379063927
1206,0.0016198079370588917,1,168.0,0.14660312944911888
1207,0.0016184659255120324,1,168.0,0.14649304642492483
1208,0.0016171261358385953,1,168.0,0.14638305456680675
1209,0.0016160109391509725,1,169.0,0.1462914314588787
1210,0.0016146753929202695,1,169.0,0.14618162148066258
1211,0.0016133420523811116,1,169.0,0.14607190221701946
1212,0.0016120109120738662,1,169.0,0.1459622735181936
1213,0.0016106819665569054,1,169.0,0.14585273523479977
1214,0.0016093552104065288,1,169.0,0.14574328721782176
1215,0.0016080306382168937,1,169.0,0.145633929318612
1216,0.0016069267997580157,1,170.0,0.14554272656316725
1217,0.0016056063997582145,1,170.0,0.14543354845501624
1218,0.0016042881679029122,1,170.0,0.1453244600208862
1219,0.0016029720988562323,1,170.0,0.14521546111358938
1220,0.0016016581872997926,1,170.0,0.14510655158630043
1221,0.001600346427932635,1,170.0,0.14499773129255472
1222,0.0015990368154711514,1,170.0,0.1448890000862472
1223,0.001597944165401238,1,171.0,0.1447982141218854
1224,0.001596638655462185,1,171.0,0.14468966065357292
1225,0.0015953352769679302,1,171.0,0.1445811958365307
1226,0.0015940340247028665,1,171.0,0.14447281952608085
1227,0.00159273489346839,1,171.0,0.14436453157789975
1228,0.0015914378780828293,1,171.0,0.14425633184801606
1229,0.0015901429733813784,1,171.0,0.14414822019281023
1230,0.001588850174216028,1,171.0,0.1440401964690134
1231,0.0015877704748541465,1,172.0,0.14394991156185105
1232,0.0015864817001180636,1,172.0,0.14384206327246038
1233,0.0015851950158519501,1,172.0,0.1437343024867625
1234,0.001583910416973626,1,172.0,0.14362662906287843
1235,0.001582627898417372,1,172.0,0.14351904285927441
1236,0.001581347455133863,1,172.0,0.14341154373476012
1237,0.0015800690820901007,1,172.0,0.14330413154848784
1238,0.0015790002099248834,1,173.0,0.14321425543555766
1239,0.0015777257949047662,1,173.0,0.14310701670459094
1240,0.0015764534353927466,1,173.0,0.14299986449136737
1241,0.0015751831264198273,1,173.0,0.1428927986563983
1242,0.001573914863033016,1,173.0,0.14278581906053242
1243,0.0015726486402952578,1,173.0,0.14267892556495415
1244,0.0015713844532853744,1,173.0,0.14257211803118308
1245,0.0015703262488154868,1,174.0,0.1424826472837004
1246,0.0015690659548758272,1,174.0,0.1423760112594359
1247,0.001567807682257643,1,174.0,0.14226946078353536
1248,0.001566551426101988,1,174.0,0.1421629957188471
1249,0.0015652971815654773,1,174.0,0.14205661592854904
1250,0.0015640449438202246,1,174.0,0.14195032127614732
1251,0.0015627947080537816,1,174.0,0.14184411162547603
1252,0.0015617470148321347,1,175.0,0.1417550428521591
1253,0.0015605006085952372,1,175.0,0.14164900279775436
1254,0.0015592561902470752,1,175.0,0.14154304733853573
1255,0.001558013755035723,1,175.0,0.14143717633963618
1256,0.0015567732982243888,1,175.0,0.14133138966651132
1257,0.0015555348150913543,1,175.0,0.14122568718493786
1258,0.0015542983009299144,1,175.0,0.1411200687610127
1259,0.0015532609654928956,1,176.0,0.14103139860770322
1260,0.0015520282186948853,1,176.0,0.14092594789864124
1261,0.001550797427086087,1,176.0,0.14082058084742927
1262,0.0015495685860186653,1,176.0,0.14071529732143512
1263,0.0015483416908595056,1,176.0,0.14061009718834155
1264,0.0015471167369901545,1,176.0,0.14050498031614567
1265,0.0015458937198067632,1,176.0,0.14039994657315744
1266,0.0015448665916053522,1,177.0,0.14031167172243839
1267,0.001543647280956887,1,177.0,0.14020680384404377
1268,0.0015424298935113373,1,177.0,0.14010201870165645
1269,0.0015412144247221244,1,177.0,0.13999731616482955
1270,0.0015400008700569886,1,177.0,0.13989269610342409
1271,0.0015387892249979353,1,177.0,0.13978815838760872
1272,0.001537579485041176,1,177.0,0.1396837028878583
1273,0.0015363716456970743,1,177.0,0.1395793294749531
1274,0.0015353563234253972,1,178.0,0.13949152860369482
1275,0.0015341521223874166,1,178.0,0.13938731897803738
1276,0.0015329498088118777,1,178.0,0.13928319105338838
1277,0.0015317493782646483,1,178.0,0.13917914470174003
1278,0.0015305508263254743,1,178.0,0.1390751797953851
1279,0.001529354148587925,1,178.0,0.13897129620691584
1280,0.0015281593406593407,1,178.0,0.13886749380922359
1281,0.0015271539055468106,1,179.0,0.13878008082044474
1282,0.0015259626778513764,1,179.0,0.13867644042416985
1283,0.0015247733070970105,1,179.0,0.13857288083912836
1284,0.0015235857889450656,1,179.0,0.138469401939397
1285,0.0015224001190704004,1,179.0,0.13836600359934664
1286,0.0015212162931613252,1,179.0,0.1382626856936412
1287,0.0015200343069195527,1,179.0,0.1381594480972371
1288,0.001519038617337294,1,180.0,0.1380724197959837
1289,0.0015178601544844335,1,180.0,0.13796934244421558
1290,0.0015166835187057635,1,180.0,0.13786634502836223
1291,0.0015155087057555654,1,180.0,0.13776342742454006
1292,0.0015143357114012653,1,180.0,0.1376605895091531
1293,0.0015131645314233834,1,180.0,0.1375578311588924
1294,0.0015119951616154829,1,180.0,0.13745515225073493
1295,0.0015110090785766463,1,181.0,0.13736850547693838
1296,0.0015098431765098433,1,181.0,0.13726598508505775
1297,0.0015086790722873991,1,181.0,0.13716354376791837
1298,0.00150751676175405,1,181.0,0.1370611814036325
1299,0.0015063562407673261,1,181.0,0.13695889787059362
1300,0.0015051975051975054,1,181.0,0.13685669304747644
1301,0.0015040405509275608,1,181.0,0.13675456681323528
1302,0.0015030639380275174,1,182.0,0.13666829844133438
1303,0.0015019103970159845,1,182.0,0.1365663290228234
1304,0.0015007586252391318,1,182.0,0.13646443783172202
1305,0.001499608618629753,1,182.0,0.13636262474809557
1306,0.0014984603731330996,1,182.0,0.13626088965228506
1307,0.001497313884706831,1,182.0,0.13615923242490593
1308,0.0014961691493209693,1,182.0,0.136057652946848
1309,0.0014952018726790666,1,183.0,0.13597175988541066
1310,0.0014940604972037393,1,183.0,0.13587033554975508
1311,0.001492920862957207,1,183.0,0.13576898860772435
1312,0.001491782965958002,1,183.0,0.13566771894129548
1313,0.0014906468022367848,1,183.0,0.1355665264327152
1314,0.0014895123678363,1,183.0,0.13546541096449913
1315,0.0014883796588113295,1,183.0,0.13536437241943103
1316,0.0014874215870141628,1,184.0,0.135278851610776
1317,0.0014862921856572805,1,184.0,0.13517796656142342
1318,0.0014851644981112584,1,184.0,0.13507715808517076
1319,0.0014840385204781185,1,184.0,0.13497642606586607
1320,0.0014829142488716957,1,184.0,0.13487577038762158
1321,0.0014817916794175913,1,184.0,0.1347751909348127
1322,0.0014806708082531303,1,184.0,0.13467468759207765
1323,0.0014795516315273154,1,184.0,0.134574260244316
1324,0.0014786041976374302,1,185.0,0.13448918454426936
1325,0.0014774882699411002,1,185.0,0.1343889088421964
1326,0.0014763740253936333,1,185.0,0.13428870879135807
1327,0.0014752614601898702,1,185.0,0.13418858427769295
1328,0.0014741505705361127,1,185.0,0.13408853518739747
1329,0.001473041352650081,1,185.0,0.13398856140692497
1330,0.0014719338027608703,1,185.0,0.1338886628229849
1331,0.0014709952943967734,1,186.0,0.13380395256346508
1332,0.001469890943575154,1,186.0,0.1337042040337396
1333,0.0014687882496940024,1,186.0,0.1336045303622047
1334,0.0014676872090270655,1,186.0,0.13350493143658726
1335,0.0014665878178592548,1,186.0,0.13340540714486643
1336,0.0014654900724866055,1,186.0,0.13330595737527282
1337,0.0014643939692162342,1,186.0,0.1332065820162883
1338,0.0014634642625157498,1,187.0,0.13312223425108557
1339,0.0014623713093697335,1,187.0,0.13302300737976364
1340,0.0014612799874970696,1,187.0,0.13292385458599348
1341,0.0014601902932483766,1,187.0,0.13282477575925264
1342,0.0014591022229851513,1,187.0,0.13272577078926623
1343,0.001458015773079727,1,187.0,0.13262683956600543
1344,0.0014569309399152333,1,187.0,0.1325279819796872
1345,0.0014560099132589837,1,188.0,0.13244399379458005
1346,0.0014549281822684498,1,188.0,0.13234528315377714
1347,0.001453848057411532,1,188.0,0.13224664582203474
1348,0.001452769535113749,1,188.0,0.13214808169054515
1349,0.001451692611811218,1,188.0,0.13204959065074307
1350,0.001450617283950617,1,188.0,0.13195117259430422
1351,0.0014495435479891438,1,188.0,0.13185282741314533
1352,0.0014486310819511296,1,189.0,0.13176919592553427
1353,0.0014475604011810253,1,189.0,0.13167099617164352
1354,0.0014464913019187056,1,189.0,0.13157286897021894
1355,0.001445423780662677,1,189.0,0.1314748142141323
1356,0.0014443578339217754,1,189.0,0.1313768317964928
1357,0.001443293458215127,1,189.0,0.13127892161064567
1358,0.0014422306500721117,1,189.0,0.13118108355017222
1359,0.0014413266273715513,1,190.0,0.13109780590871606
1360,0.001440266828380837,1,190.0,0.13100011178067264
1361,0.0014392085867729158,1,190.0,0.1309024894601535
1362,0.0014381518991174289,1,190.0,0.13080493884167577
1363,0.0014370967619940851,1,190.0,0.13070745981998858
1364,0.0014360431719926232,1,190.0,0.13061005229007294
1365,0.0014349911257127753,1,190.0,0.13051271614714058
1366,0.00143394061976423,1,190.0,0.13041545128663343
1367,0.001433046348920526,1,191.0,0.1303325958489835
1368,0.001431998800419853,1,191.0,0.13023547324057017
1369,0.0014309527823041337,1,191.0,0.13013842160228262
1370,0.0014299082912221598,1,191.0,0.13004144083047683
1371,0.001428865323832501,1,191.0,0.12994453082173607
1372,0.0014278238768034687,1,191.0,0.12984769147286937
1373,0.0014267839468130802,1,191.0,0.1297509226809115
1374,0.0014258978700650564,1,192.0,0.12966841475513274
1375,0.001424860853432282,1,192.0,0.12957178676899594
1376,0.0014238253440911248,1,192.0,0.12947522903221909
1377,0.0014227913387577255,1,192.0,0.12937874144273273
1378,0.0014217588341577559,1,192.0,0.12928232389868952
1379,0.001420727827026387,1,192.0,0.12918597629846384
1380,0.001419698314108252,1,192.0,0.12908969854065105
1381,0.0014188203207416092,1,193.0,0.1290075353779993
1382,0.001417793677962491,1,193.0,0.12891139700167947
1383,0.0014167685198439351,1,193.0,0.12881532816487842
1384,0.0014157448431677475,1,193.0,0.12871932876706926
1385,0.001414722644725027,1,193.0,0.12862339870794265
1386,0.0014137019213161346,1,193.0,0.12852753788740684
1387,0.0014126826697506577,1,193.0,0.1284317462055863
1388,0.0014118126510057347,1,194.0,0.12834992508691725
1389,0.0014107962272109141,1,194.0,0.12825427138376458
1390,0.0014097812658963739,1,194.0,0.12815868652099438
1391,0.0014087677639079508,1,194.0,0.12806317039959128
1392,0.0014077557181005457,1,194.0,0.12796772292075345
1393,0.0014067451253380902,1,194.0,0.12787234398589203
1394,0.0014057359824935147,1,194.0,0.12777703349663014
1395,0.0014048738315232073,1,195.0,0.1276955517320517
1396,0.0014038674749103685,1,195.0,0.1276003778397048
1397,0.0014028625590371325,1,195.0,0.12750527209909474
1398,0.0014018590808117842,1,195.0,0.12741023441268773
1399,0.001400857037151447,1,195.0,0.12731526468315912
1400,0.0013998564249820531,1,195.0,0.12722036281339313
1401,0.0013988572412383115,1,195.0,0.12712552870648153
1402,0.001398002853067047,1,196.0,0.1270443836350081
1403,0.001397006414825374,1,196.0,0.12694968476391116
1404,0.001396011396011396,1,196.0,0.12685505336618733
1405,0.001395017793594306,1,196.0,0.12676048934575482
1406,0.0013940256045519204,1,196.0,0.126665992606737
1407,0.0013930348258706469,1,196.0,0.12657156305346184
1408,0.0013920454545454544,1,196.0,0.12647720059046114
1409,0.0013911987260291868,1,197.0,0.12639638957967078
1410,0.0013902120602660457,1,197.0,0.12630216101162703
1411,0.0013892267930369414,1,197.0,0.12620799924867074
1412,0.0013882429213704847,1,197.0,0.12611390419614374
1413,0.0013872604423036973,1,197.0,0.1260198757595886
1414,0.0013862793528819834,1,197.0,0.12592591384474877
1415,0.0013852996501590986,1,197.0,0.12583201835756708
1416,0.0013843213311971218,1,197.0,0.12573818920418625
1417,0.0013834834436160625,1,198.0,0.12565777589002258
1418,0.0013825077853342458,1,198.0,0.12556407912346518
1419,0.001381533502187428,1,198.0,0.12547044841032648
1420,0.0013805605912703947,1,198.0,0.1253768836575407
1421,0.0013795890496861088,1,198.0,0.12528338477223844
1422,0.0013786188745456823,1,198.0,0.12518995166174668
1423,0.001377650062968349,1,198.0,0.12509658423358755
1424,0.0013768196158742457,1,199.0,0.1250164991495031
1425,0.0013758534266701237,1,199.0,0.12492326280935495
1426,0.0013748885925700745,1,199.0,0.12483009187527337
1427,0.001373925110725246,1,199.0,0.12473698625555678
1428,0.0013729629782947663,1,199.0,0.12464394585869648
1429,0.0013720021924457145,1,199.0,0.12455097059337583
1430,0.001371042750353095,1,199.0,0.12445806036847
1431,0.0013702196462092875,1,200.0,0.1243783009752259
1432,0.0013692627889144483,1,200.0,0.12428552055853859
1433,0.0013683072670798956,1,200.0,0.12419280491003579
1434,0.0013673530779117783,1,200.0,0.12410015393935377
1435,0.001366400218624035,1,200.0,0.12400756755631763
1436,0.0013654486864383636,1,200.0,0.12391504567094136
1437,0.0013644984785841964,1,200.0,0.12382258819342637
1438,0.0013636826215271888,1,201.0,0.12374315197881743
1439,0.0013627349616095188,1,201.0,0.12365082304837915
1440,0.001361788617886179,1,201.0,0.12355855825752968
1441,0.0013608435876170004,1,201.0,0.12346635751721688
1442,0.0013598998680694157,1,201.0,0.12337422073857446
1443,0.0013589574565184323,1,201.0,0.12328214783292057
1444,0.001358016350246605,1,201.0,0.12319013871175781
1445,0.0013572076460509962,1,202.0,0.12311102319028792
1446,0.0013562690515516525,1,202.0,0.12301914137335007
1447,0.0013553317543494744,1,202.0,0.12292732307651197
1448,0.0013543957517566916,1,202.0,0.12283556821200822
1449,0.0013534610410929533,1,202.0,0.12274387669225564
1450,0.001352527619685303,1,202.0,0.1226522484298517
1451,0.0013515954848681525,1,202.0,0.12256068333757508
1452,0.001350793840912418,1,203.0,0.12248188605013591
1453,0.001349864182384605,1,203.0,0.12239044703717007
1454,0.0013489358026168023,1,203.0,0.122299070933747
1455,0.0013480086989723925,1,203.0,0.12220775765336307
1456,0.0013470828688219993,1,203.0,0.1221165071096935
1457,0.0013461583095434667,1,203.0,0.12202531921659089
1458,0.0013452350185218318,1,203.0,0.12193419388808532
1459,0.0013444403437549426,1,204.0,0.12185571240163737
1460,0.0013435194942044257,1,204.0,0.12176471194512305
1461,0.0013425999052282419,1,204.0,0.1216737737963552
1462,0.0013416815742397137,1,204.0,0.12158289787006835
1463,0.0013407644986592356,1,204.0,0.12149208408117171
1464,0.0013398486759142495,1,204.0,0.12140133234474934
1465,0.0013389341034392229,1,204.0,0.12131064257605895
1466,0.0013380207786756217,1,204.0,0.12122001469053172
1467,0.0013372341431753766,1,205.0,0.12114190839655631
1468,0.0013363232207345215,1,205.0,0.12105140402434095
1469,0.0013354135384875954,1,205.0,0.12096096128261873
1470,0.0013345050939035901,1,205.0,0.12087058008751012
1471,0.0013335978844583804,1,205.0,0.12078026035530677
1472,0.0013326919076346994,1,205.0,0.12069000200247078
1473,0.0013317871609221164,1,205.0,0.1205998049456347
1474,0.001331007301156555,1,206.0,0.12052200907755349
1475,0.0013301049233252623,1,206.0,0.12043193436329284
1476,0.0013292037682281585,1,206.0,0.12034192069594593
1477,0.0013283038333816938,1,206.0,0.12025196799282122
1478,0.0013274051163090406,1,206.0,0.12016207617139531
1479,0.0013265076145400688,1,206.0,0.12007224514931217
1480,0.0013256113256113256,1,206.0,0.1199824748443828
1481,0.0013248381553388738,1,207.0,0.1199049870537768
1482,0.001323944202467525,1,207.0,0.11981533793725337
1483,0.0013230514551968119,1,207.0,0.11972574929231404
1484,0.0013221599110895363,1,207.0,0.11963622103743311
1485,0.0013212695677150654,1,207.0,0.11954675309124996
1486,0.0013203804226493083,1,207.0,0.11945734537256789
1487,0.0013194924734746954,1,207.0,0.11936799780035419
1488,0.0013187259078920673,1,208.0,0.11929081576347324
1489,0.0013178402625543292,1,208.0,0.11920158824175194
1490,0.0013169558060022793,1,208.0,0.1191124206243801
1491,0.0013160725358439948,1,208.0,0.11902331283097607
1492,0.0013151904496939654,1,208.0,0.11893426478132013
1493,0.0013143095451730719,1,208.0,0.11884527639535339
1494,0.0013134298199085652,1,208.0,0.11875634759317816
1495,0.0013126697756213983,1,209.0,0.118679469010642
1496,0.001311792322562828,1,209.0,0.11859065913699747
1497,0.0013109160417862328,1,209.0,0.11850190860841157
1498,0.0013100409309439191,1,209.0,0.11841321734562542
1499,0.0013091669876944567,1,209.0,0.11832458526953891
1500,0.0013082942097026604,1,209.0,0.11823601230121011
1501,0.0013074225946395673,1,209.0,0.11814749836185492
1502,0.0013066689896337593,1,210.0,0.11807092095835682
1503,0.0013057996157218273,1,210.0,0.11798252484122584
1504,0.0013049313978922249,1,210.0,0.11789418751765889
1505,0.0013040643338404696,1,210.0,0.11780590890949917
1506,0.001303198421268198,1,210.0,0.11771768893874533
1507,0.0013023336578831496,1,210.0,0.11762952752755153
1508,0.0013014700413991422,1,210.0,0.11754142459822686
1509,0.0013006075695360547,1,210.0,0.11745338007323482
1510,0.0012998613891883565,1,211.0,0.11737715992419848
1511,0.0012990011235436258,1,211.0,0.11728923197587841
1512,0.0012981419958164146,1,211.0,0.11720136220020443
1513,0.001297284003750442,1,211.0,0.11711355052025411
1514,0.0012964271450953886,1,211.0,0.1170257968592575
1515,0.001295571417606877,1,211.0,0.11693810114059654
1516,0.0012947168190464502,1,211.0,0.1168504632878049
1517,0.0012939769037330015,1,212.0,0.11677453930084766
1518,0.0012931244815302786,1,212.0,0.11668701695100057
1519,0.0012922731816741033,1,212.0,0.11659955223852998
1520,0.0012914230019493175,1,212.0,0.11651214508757222
1521,0.0012905739401465899,1,212.0,0.11642479542241335
1522,0.0012897259940623934,1,212.0,0.11633750316748882
1523,0.0012888791614989908,1,212.0,0.1162502682473828
1524,0.0012881454334337241,1,213.0,0.1161746382250639
1525,0.0012873007479036035,1,213.0,0.11608751774894129
1526,0.0012864571694318448,1,213.0,0.11600045438227947
1527,0.0012856146958434807,1,213.0,0.11591344805025428
1528,0.0012847733249692378,1,213.0,0.11582649867818863
1529,0.001283933054645517,1,213.0,0.11573960619155209
1530,0.0012830938827143761,1,213.0,0.11565277051596015
1531,0.0012823662653779085,1,214.0,0.1155774322836235
1532,0.0012815292116798813,1,214.0,0.11549071000755075
1533,0.0012806932500284266,1,214.0,0.1154040443202428
1534,0.0012798583782878605,1,214.0,0.11531743514789647
1535,0.0012790245943280637,1,214.0,0.11523088241685246
1536,0.0012781918960244648,1,214.0,0.11514438605359553
1537,0.0012773602812580207,1,214.0,0.1150579459847541
1538,0.001276638699372369,1,215.0,0.11498289739025044
1539,0.001275809174551464,1,215.0,0.11489656969069725
1540,0.0012749807270355214,1,215.0,0.1148102980663019
1541,0.001274153354727257,1,215.0,0.11472408244426327
1542,0.001273327055534827,1,215.0,0.11463792275192172
1543,0.0012725018273718103,1,215.0,0.11455181891675904
1544,0.0012716776681571912,1,215.0,0.11446577086639798
1545,0.0012709620476610767,1,216.0,0.11439100977981016
1546,0.0012701399506056686,1,216.0,0.1143050730824822
1547,0.00126931891637774,1,216.0,0.11421919195366588
1548,0.0012684989429175475,1,216.0,0.11413336632154406
1549,0.0012676800281706674,1,216.0,0.11404759611443888
1550,0.0012668621700879764,1,216.0,0.11396188126081089
1551,0.0012660453666256373,1,216.0,0.11387622168925943
1552,0.001265335634650371,1,217.0,0.11380174600263164
1553,0.0012645208660511111,1,217.0,0.11371619678158251
1554,0.0012637071460600872,1,217.0,0.11363070262923439
1555,0.0012628944726542606,1,217.0,0.11354526347473656
1556,0.001262082843815794,1,217.0,0.11345987924737497
1557,0.0012612722575320332,1,217.0,0.11337454987657176
1558,0.0012604627117954914,1,217.0,0.11328927529188525
1559,0.001259654204603833,1,217.0,0.11320405542300914
1560,0.001258951258951259,1,218.0,0.11312991769571762
1561,0.0012581447559026034,1,218.0,0.11304480704808435
1562,0.0012573392855082996,1,218.0,0.11295975090615293
1563,0.0012565348457862855,1,218.0,0.11287474920015605
1564,0.001255731434759568,1,218.0,0.11278980186046031
1565,0.001254929050456207,1,218.0,0.11270490881756581
1566,0.0012541276909093,1,218.0,0.11262007000210575
1567,0.0012534304789649754,1,219.0,0.11254621303623687
1568,0.0012526310972819621,1,219.0,0.11246148246807662
1569,0.0012518327345685894,1,219.0,0.11237680592004635
1570,0.0012510353888777813,1,219.0,0.11229218332330869
1571,0.0012502390582674197,1,219.0,0.11220761460915772
1572,0.0012494437408003287,1,219.0,0.11212309970901879
1573,0.001248649434544257,1,219.0,0.11203863855444789
1574,0.0012479578870938466,1,220.0,0.1119650603128251
1575,0.0012471655328798186,1,220.0,0.1118807064445804
1576,0.001246374184191443,1,220.0,0.11179640611735372
1577,0.0012455838391158618,1,220.0,0.1117121592632212
1578,0.001244794495745066,1,220.0,0.11162796581438811
1579,0.00124400615217588,1,220.0,0.11154382570318842
1580,0.0012432188065099458,1,220.0,0.11145973886208482
1581,0.001242532855436081,1,221.0,0.11138643732832339
1582,0.001241747436437702,1,221.0,0.11130245682531242
1583,0.0012409630097564399,1,221.0,0.11121852939055328
1584,0.0012401795735129068,1,221.0,0.11113465495701953
1585,0.0012393971258324572,1,221.0,0.11105083345781158
1586,0.001238615664845173,1,221.0,0.11096706482615626
1587,0.0012378351886858504,1,221.0,0.11088334899540686
1588,0.001237154766946791,1,222.0,0.11081032217366066
1589,0.0012363761925182533,1,222.0,0.11072671174528616
1590,0.001235598597428619,1,222.0,0.11064315391863165
1591,0.001234821979831241,1,222.0,0.1105596486275521
1592,0.0012340463378841108,1,222.0,0.11047619580602759
1593,0.0012332716697498458,1,222.0,0.110392795388162
1594,0.001232497973595674,1,222.0,0.1103094473081837
1595,0.0012318230152044522,1,223.0,0.1102366932228953
1596,0.0012310511962726198,1,223.0,0.1101534496218709
1597,0.001230280343926801,1,223.0,0.11007025816215954
1598,0.0012295104563523787,1,223.0,0.10998711877848279
1599,0.0012287415317392754,1,223.0,0.10990403140568442
1600,0.0012279735682819383,1,223.0,0.1098209959787305
1601,0.001227206564179326,1,223.0,0.10973801243270903
1602,0.0012264405176348947,1,223.0,0.10965508070282957
1603,0.0012257718532138204,1,224.0,0.10958264914995532
1604,0.0012250076562978517,1,224.0,0.10949982085847343
1605,0.0012242444116521835,1,224.0,0.1094170441894888
1606,0.0012234821174979791,1,224.0,0.10933431907869434
1607,0.0012227207720608305,1,224.0,0.10925164546190298
1608,0.0012219603735707427,1,224.0,0.10916902327504778
1609,0.0012212009202621221,1,224.0,0.1090864524541808
1610,0.0012205375789959042,1,225.0,0.10901428929721504
1611,0.0012197799516967139,1,225.0,0.10893182101695814
1612,0.0012190232643817657,1,225.0,0.1088494039115603
1613,0.0012182675153027936,1,225.0,0.10876703791754899
1614,0.0012175127027158651,1,225.0,0.1086847229715694
1615,0.001216758824881366,1,225.0,0.10860245901038458
1616,0.001216005880063989,1,225.0,0.10852024597087517
1617,0.0012153477991987307,1,226.0,0.10844834929947994
1618,0.001214596657172032,1,226.0,0.10836623791443079
1619,0.0012138464430539518,1,226.0,0.10828417726240004
1620,0.0012130971551261407,1,226.0,0.10820216728073502
1621,0.0012123487916744899,1,226.0,0.10812020790689889
1622,0.001211601350989117,1,226.0,0.10803829907847073
1623,0.0012108548313643547,1,226.0,0.10795644073314505
1624,0.0012102019491182054,1,227.0,0.1078848086561991
1625,0.0012094572094572095,1,227.0,0.1078030510906216
1626,0.001208713385835157,1,227.0,0.10772134382191939
1627,0.0012079704765629781,1,227.0,0.10763968678824559
1628,0.0012072284799557527,1,227.0,0.10755807992786762
1629,0.0012064873943326982,1,227.0,0.10747652317916627
1630,0.0012057472180171567,1,227.0,0.10739501648063615
1631,0.001205099473561809,1,228.0,0.10732364712600174
1632,0.0012043610547667343,1,228.0,0.10724224034374935
1633,0.001203623540342505,1,228.0,0.1071608834278293
1634,0.0012028869286287089,1,228.0,0.10707957631718672
1635,0.0012021512179689973,1,228.0,0.1069983189508793
1636,0.0012014164067110698,1,228.0,0.10691711126807617
1637,0.0012006824932066648,1,228.0,0.10683595320805818
1638,0.0012000398266492688,1,229.0,0.10676484472235084
1639,0.001199307648597622,1,229.0,0.10668378572619006
1640,0.001198576363446038,1,229.0,0.10660277617132323
1641,0.0011978459695621585,1,229.0,0.10652181599747418
1642,0.0011971164653176017,1,229.0,0.10644090514447746
1643,0.0011963878490879503,1,229.0,0.10636004355227699
1644,0.0011956601192527384,1,229.0,0.10627923116092666
1645,0.0011950224716182163,1,230.0,0.10620838170928693
1646,0.0011942964555358235,1,230.0,0.10612766754023541
1647,0.001193571321075875,1,230.0,0.10604700239285043
1648,0.0011928470666334743,1,230.0,0.10596638620762164
1649,0.0011921236906076204,1,230.0,0.10588581892514705
1650,0.0011914011914011915,1,230.0,0.10580530048613253
1651,0.0011906795674209362,1,230.0,0.10572483083139174
1652,0.0011899588170774613,1,230.0,0.10564440990184616
1653,0.0011893269490674597,1,231.0,0.10557386633393936
1654,0.001188607888034166,1,231.0,0.10549354267797634
1655,0.0011878896959568038,1,231.0,0.1054132675706146
1656,0.001187172371261178,1,231.0,0.10533304095320292
1657,0.0011864559123768925,1,231.0,0.10525286276719621
1658,0.0011857403177373406,1,231.0,0.10517273295415533
1659,0.001185025585779693,1,231.0,0.10509265145574681
1660,0.0011843986113947316,1,232.0,0.10502236289705076
1661,0.0011836855478117125,1,232.0,0.10494237785332859
1662,0.0011829733423076138,1,232.0,0.10486244094987025
1663,0.0011822619933344884,1,232.0,0.10478255212876283
1664,0.0011815514993481096,1,232.0,0.10470271133219758
1665,0.0011808418588079605,1,232.0,0.10462291850247002
1666,0.0011801330701772233,1,232.0,0.1045431735819796
1667,0.0011795109332563868,1,233.0,0.10447313825702949
1668,0.0011788037924091105,1,233.0,0.10439348898262639
1669,0.0011780974989445156,1,233.0,0.10431388744528
1670,0.0011773920513403573,1,233.0,0.10423433358780314
1671,0.001176687448078035,1,233.0,0.10415482735311121
1672,0.0011759836876425816,1,233.0,0.10407536868422215
1673,0.0011752807685226519,1,233.0,0.10399595752425596
1674,0.0011746634137525978,1,234.0,0.10392617367514405
1675,0.0011739621221622976,1,234.0,0.10384685736279177
1676,0.0011732616674354707,1,234.0,0.10376758838933356
1677,0.001172562048075044,1,234.0,0.10368836669829591
1678,0.0011718632625875142,1,234.0,0.10360919223330652
1679,0.0011711653094829354,1,234.0,0.10353006493809343
1680,0.00117046818727491,1,234.0,0.1034509847564855
1681,0.001169855560174134,1,235.0,0.10338145064264954
1682,0.001169160045572366,1,235.0,0.10330246452013919
1683,0.001168465357488247,1,235.0,0.10322352534332101
1684,0.0011677714944493584,1,235.0,0.10314463305642356
1685,0.0011670784549867774,1,235.0,0.10306578760377456
1686,0.001166386237635065,1,235.0,0.1029869889298009
1687,0.0011656948409322584,1,235.0,0.10290823697902833
1688,0.001165086887835703,1,236.0,0.10283895087704234
1689,0.0011643970791395302,1,236.0,0.1027602922066433
1690,0.0011637080867850098,1,236.0,0.10268168009361324
1691,0.0011630199093238714,1,236.0,0.10260311448287118
1692,0.0011623325453112689,1,236.0,0.10252459531943339
1693,0.001161645993305769,1,236.0,0.102446122548414
1694,0.0011609602518693428,1,236.0,0.10236769611502401
1695,0.001160275319567355,1,236.0,0.10228931596457175
1696,0.0011596727472011274,1,237.0,0.102220322396282
1697,0.0011589893808209263,1,237.0,0.1021420346480167
1698,0.0011583068193481226,1,237.0,0.10206379301919329
1699,0.001157625061361455,1,237.0,0.10198559745550582
1700,0.001156944105443007,1,237.0,0.10190744790274402
1701,0.0011562639501781964,1,237.0,0.10182934430679327
1702,0.001155584594155765,1,237.0,0.10175128661363456
1703,0.0011549865817735352,1,238.0,0.10168253728145335
1704,0.0011543087727466728,1,238.0,0.10160457123220144
1705,0.001153631758803713,1,238.0,0.10152665092425404
1706,0.0011529555385465008,1,238.0,0.10144877630397157
1707,0.0011522801105801584,1,238.0,0.1013709473178085
1708,0.001151605473513074,1,238.0,0.1012931639123134
1709,0.001150931625956893,1,238.0,0.10121542603412888
1710,0.0011503381223979016,1,239.0,0.10114691926946377
1711,0.001149665803214735,1,239.0,0.10106927228620183
1712,0.001148994269451175,1,239.0,0.1009916706707387
1713,0.0011483235197317055,1,239.0,0.10091411437009015
1714,0.0011476535526840207,1,239.0,0.1008366033313646
1715,0.0011469843669390154,1,239.0,0.10075913750176298
1716,0.001146315961130776,1,239.0,0.10068171682857882
1717,0.001145726915989574,1,240.0,0.10061345097908758
1718,0.0011450600202293937,1,240.0,0.10053612046098638
1719,0.0011443939003805109,1,240.0,0.10045883494173447
1720,0.001143728555089592,1,240.0,0.10038159436899234
1721,0.0011430639830064487,1,240.0,0.10030439869051183
1722,0.0011424001827840292,1,240.0,0.10022724785413582
1723,0.0011417371530784088,1,240.0,0.1001501418077979
1724,0.0011411525166911314,1,241.0,0.10008211523719396
1725,0.0011404909790002956,1,241.0,0.10000509861509564
1726,0.0011398302078653012,1,241.0,0.09992812662737956
1727,0.0011391702019545513,1,241.0,0.09985119922234062
1728,0.0011385109599395314,1,241.0,0.09977431634836353
1729,0.0011378524804948006,1,241.0,0.09969747795392261
1730,0.001137194762297983,1,241.0,0.09962068398758152
1731,0.0011366144857289128,1,242.0,0.09955289507544145
1732,0.001135958241799508,1,242.0,0.09947618981134765
1733,0.0011353027552202814,1,242.0,0.09939952882157908
1734,0.001134648024680939,1,242.0,0.09932291205505484
1735,0.0011339940488742063,1,242.0,0.0992463394607823
1736,0.0011333408264958226,1,242.0,0.09916981098785739
1737,0.0011326883562445297,1,242.0,0.0990933265854634
1738,0.001132112391272951,1,243.0,0.0990257737270378
1739,0.0011314613778219602,1,243.0,0.09894937731360746
1740,0.0011308111126622923,1,243.0,0.09887302481878453
1741,0.001130161594504531,1,243.0,0.09879671619210233
1742,0.0011295128220622209,1,243.0,0.09872045138318133
1743,0.001128864794051858,1,243.0,0.09864423034172824
1744,0.0011282175091928835,1,243.0,0.09856805301753693
1745,0.0011275709662076725,1,243.0,0.09849191936048696
1746,0.0011269999630491815,1,244.0,0.09842464458362075
1747,0.001126354857174511,1,244.0,0.09834859811083785
1748,0.0011257104894072487,1,244.0,0.09827259515535233
1749,0.001125066858481344,1,244.0,0.09819663566738726
1750,0.0011244239631336406,1,244.0,0.09812071959725141
1751,0.001123781802103867,1,244.0,0.09804484689533839
1752,0.0011231403741346294,1,244.0,0.09796901751212711
1753,0.0011225735801162436,1,245.0,0.09790197527790953
1754,0.001121933572373874,1,245.0,0.09782623238387685
1755,0.001121294293985057,1,245.0,0.09775053266049007
1756,0.0011206557437037443,1,245.0,0.0976748760585657
1757,0.0011200179202867245,1,245.0,0.09759926252900472
1758,0.001119380822493615,1,245.0,0.09752369202279139
1759,0.0011187444490868533,1,245.0,0.09744816449099393
1760,0.001118181818181818,1,246.0,0.09738135324472813
1761,0.0011175468483816014,1,246.0,0.09730591151530042
1762,0.0011169125993189556,1,246.0,0.09723051261399253
1763,0.0011162790697674418,1,246.0,0.0971551564922055
1764,0.0011156462585034013,1,246.0,0.09707984310142269
1765,0.001115014164305949,1,246.0,0.0970045723932099
1766,0.0011143827859569648,1,246.0,0.09692934431921517
1767,0.001113824272801268,1,247.0,0.09686276252107857
1768,0.0011131942816967424,1,247.0,0.09678761957079318
1769,0.0011125650028489772,1,247.0,0.09671251911016245
1770,0.0011119364350507574,1,247.0,0.09663746109116188
1771,0.0011113085770975948,1,247.0,0.09656244546584837
1772,0.0011106814277877205,1,247.0,0.09648747218636008
1773,0.0011100549859220758,1,247.0,0.09641254120491613
1774,0.001109500545802688,1,248.0,0.09634618732978346
1775,0.0011088754750726581,1,248.0,0.09627134080140831
1776,0.0011082511082511081,1,248.0,0.09619653642821903
1777,0.0011076274441496727,1,248.0,0.09612177416275672
1778,0.0011070044815826594,1,248.0,0.096047053957643
1779,0.0011063822193670423,1,248.0,0.09597237576557895
1780,0.001105760656322454,1,248.0,0.09589773953934588
1781,0.0011052102451658149,1,249.0,0.09583161207661543
1782,0.0011045900373963615,1,249.0,0.09575705964070524
1783,0.001103970525317059,1,249.0,0.09568254902944572
1784,0.0011033517077580247,1,249.0,0.09560808019593511
1785,0.001102733583551998,1,249.0,0.09553365309335042
1786,0.0011021161515343315,1,249.0,0.09545926767494751
1787,0.0011014994105429862,1,249.0,0.09538492389406059
1788,0.0011009529849037327,1,250.0,0.09531902134748256
1789,0.0011003375835706396,1,250.0,0.09524476070194342
1790,0.0010997228698368011,1,250.0,0.09517054155439224
1791,0.00109910884255046,1,250.0,0.09509636385847538
1792,0.0010984955005624297,1,250.0,0.09502222756791703
1793,0.001097882842726087,1,250.0,0.09494813263651877
1794,0.0010972708678973658,1,250.0,0.09487407901815943
1795,0.0010966595749347487,1,250.0,0.0948000666667949
1796,0.001096117734398882,1,251.0,0.09473442877532927
1797,0.0010955077634838021,1,251.0,0.09466049882012972
1798,0.0010948984710680712,1,251.0,0.09458660999425372
1799,0.0010942898560202291,1,251.0,0.09451276225196373
1800,0.001093681917211329,1,251.0,0.09443895554759886
1801,0.0010930746535149317,1,251.0,0.09436518983557401
1802,0.0010924680638070988,1,251.0,0.09429146507038001
1803,0.0010919301164725457,1,252.0,0.09422604882531606
1804,0.0010913248337028824,1,252.0,0.0941524058175592
1805,0.0010907202216066483,1,252.0,0.09407880362055962
1806,0.0010901162790697674,1,252.0,0.09400524218911027
1807,0.0010895130049806308,1,252.0,0.09393172147807889
1808,0.0010889103982300885,1,252.0,0.09385824144240834
1809,0.0010883084577114428,1,252.0,0.0937848020371163
1810,0.001087774362061182,1,253.0,0.09371960598795413
1811,0.0010871737136006292,1,253.0,0.09364624770876981
1812,0.0010865737281074718,1,253.0,0.09357292992546336
1813,0.001085974404484688,1,253.0,0.09349965259334993
1814,0.0010853757416376731,1,253.0,0.09342641566781808
1815,0.0010847777384742365,1,253.0,0.0933532191043304
1816,0.0010841803939045922,1,253.0,0.09328006285842318
1817,0.0010836501090049618,1,254.0,0.09321508556829233
1818,0.0010830540418382923,1,254.0,0.09314200982444791
1819,0.0010824586300505858,1,254.0,0.09306897426523236
1820,0.001081863872561547,1,254.0,0.09299597884647448
1821,0.001081269768293254,1,254.0,0.09292302352407608
1822,0.0010806763161701513,1,254.0,0.0928501082540116
1823,0.001080083515119043,1,254.0,0.09277723299232772
1824,0.0010795570006096322,1,255.0,0.09271247303782788
1825,0.0010789654625271063,1,255.0,0.09263967766133477
1826,0.001078374572350476,1,255.0,0.0925669221617961
1827,0.001077784329015856,1,255.0,0.09249420649554672
1828,0.00107719473146169,1,255.0,0.09242153061899379
1829,0.001076605778628742,1,255.0,0.09234889448861523
1830,0.0010760174694600924,1,255.0,0.09227629806096106
1831,0.001075494685543839,1,256.0,0.09221175403200381
1832,0.0010749076251259657,1,256.0,0.0921392368797318
1833,0.001074321205254102,1,256.0,0.09206675930025958
1834,0.0010737354248804632,1,256.0,0.09199432125042112
1835,0.0010731502829595472,1,256.0,0.09192192268712017
1836,0.0010725657784481314,1,256.0,0.09184956356733166
1837,0.0010719819103052637,1,256.0,0.09177724384810047
1838,0.0010713986774922575,1,256.0,0.0917049634865414
1839,0.0010708801843413984,1,257.0,0.09164067330105234
1840,0.0010702981842412127,1,257.0,0.09156847152646262
1841,0.0010697168164062094,1,257.0,0.09149630898130968
1842,0.0010691360798066403,1,257.0,0.09142418562298744
1843,0.0010685559734149926,1,257.0,0.09135210140895929
1844,0.0010679764962059823,1,257.0,0.09128005629675777
1845,0.0010673976471565483,1,257.0,0.09120805024398476
1846,0.0010668828000297734,1,258.0,0.09114397290541931
1847,0.001066305169926888,1,258.0,0.09107204484458387
1848,0.001065728164964806,1,258.0,0.09100015571639478
1849,0.0010651517841292384,1,258.0,0.09092830547872867
1850,0.0010645760264080873,1,258.0,0.09085649408953025
1851,0.0010640008907914435,1,258.0,0.09078472150681273
1852,0.0010634263762715776,1,258.0,0.09071298768865706
1853,0.001062915137101689,1,259.0,0.09064912182930758
1854,0.0010623418279662512,1,259.0,0.09057746541478999
1855,0.0010617691369538705,1,259.0,0.09050584763948415
1856,0.0010611970630654255,1,259.0,0.09043426846174152
1857,0.001060625605303947,1,259.0,0.09036272783998121
1858,0.0010600547626746122,1,259.0,0.0902912257326894
1859,0.001059484534184739,1,259.0,0.09021976209841934
1860,0.0010589768654284783,1,260.0,0.09015610636322924
1861,0.001058407828961295,1,260.0,0.0900847195509292
